id_estado,estado,indicador,indicador_nombre,año,valor
01,Aguascalientes,1004000001,Derechohabientes,2000,523201.00000000000000000000
01,Aguascalientes,1004000001,Derechohabientes,2005,758160.00000000000000000000
01,Aguascalientes,1004000001,Derechohabientes,2010,930149.00000000000000000000
01,Aguascalientes,1004000001,Derechohabientes,2020,1161139.00000000000000000000
01,Aguascalientes,1005000038,Promedio escolaridad,1995,
01,Aguascalientes,1005000038,Promedio escolaridad,2000,8.00000000000000000000
01,Aguascalientes,1005000038,Promedio escolaridad,2005,8.70000000000000000000
01,Aguascalientes,1005000038,Promedio escolaridad,2010,9.23000000000000000000
01,Aguascalientes,1005000038,Promedio escolaridad,2015,9.72597472304436000000
01,Aguascalientes,1005000038,Promedio escolaridad,2020,10.34913432029180000000
01,Aguascalientes,3108001001,Porcentaje analfabetismo,1910,64.30000000000000000000
01,Aguascalientes,3108001001,Porcentaje analfabetismo,1921,53.80000000000000000000
01,Aguascalientes,3108001001,Porcentaje analfabetismo,1930,56.10000000000000000000
01,Aguascalientes,3108001001,Porcentaje analfabetismo,1940,39.80000000000000000000
01,Aguascalientes,3108001001,Porcentaje analfabetismo,1950,31.00000000000000000000
01,Aguascalientes,3108001001,Porcentaje analfabetismo,1960,22.50000000000000000000
01,Aguascalientes,3108001001,Porcentaje analfabetismo,1970,16.60000000000000000000
01,Aguascalientes,3108001001,Porcentaje analfabetismo,1980,10.90000000000000000000
01,Aguascalientes,3108001001,Porcentaje analfabetismo,1990,7.10000000000000000000
01,Aguascalientes,3108001001,Porcentaje analfabetismo,1995,5.60000000000000000000
01,Aguascalientes,3108001001,Porcentaje analfabetismo,2000,4.80000000000000000000
01,Aguascalientes,3108001001,Porcentaje analfabetismo,2005,4.20000000000000000000
01,Aguascalientes,3108001001,Porcentaje analfabetismo,2010,3.26000000000000000000
01,Aguascalientes,3108001001,Porcentaje analfabetismo,2015,2.59156853815626000000
01,Aguascalientes,6200205239,Poblacion con educacion basica,2000,381110.00000000000000000000
01,Aguascalientes,6200205239,Poblacion con educacion basica,2010,466984.00000000000000000000
01,Aguascalientes,6200205241,Poblacion con bachillerato,1990,27312.00000000000000000000
01,Aguascalientes,6200205241,Poblacion con bachillerato,2000,54559.00000000000000000000
01,Aguascalientes,6200205241,Poblacion con bachillerato,2010,101806.00000000000000000000
01,Aguascalientes,6200205242,Poblacion con estudios superiores,1990,24581.00000000000000000000
01,Aguascalientes,6200205242,Poblacion con estudios superiores,2000,56558.00000000000000000000
01,Aguascalientes,6200205242,Poblacion con estudios superiores,2010,121483.00000000000000000000
01,Aguascalientes,6207019020,Porcentaje sin escolaridad,2015,3.07841610000000000000
01,Aguascalientes,6207019020,Porcentaje sin escolaridad,2020,2.31195567636663000000
02,Baja California,1004000001,Derechohabientes,2000,1272846.00000000000000000000
02,Baja California,1004000001,Derechohabientes,2005,1599017.00000000000000000000
02,Baja California,1004000001,Derechohabientes,2010,2178921.00000000000000000000
02,Baja California,1004000001,Derechohabientes,2020,2905265.00000000000000000000
02,Baja California,1005000038,Promedio escolaridad,1995,
02,Baja California,1005000038,Promedio escolaridad,2000,8.20000000000000000000
02,Baja California,1005000038,Promedio escolaridad,2005,8.90000000000000000000
02,Baja California,1005000038,Promedio escolaridad,2010,9.26000000000000000000
02,Baja California,1005000038,Promedio escolaridad,2015,9.75741772139322000000
02,Baja California,1005000038,Promedio escolaridad,2020,10.20265454399280000000
02,Baja California,3108001001,Porcentaje analfabetismo,1910,46.50000000000000000000
02,Baja California,3108001001,Porcentaje analfabetismo,1921,43.00000000000000000000
02,Baja California,3108001001,Porcentaje analfabetismo,1930,24.00000000000000000000
02,Baja California,3108001001,Porcentaje analfabetismo,1940,16.90000000000000000000
02,Baja California,3108001001,Porcentaje analfabetismo,1950,18.80000000000000000000
02,Baja California,3108001001,Porcentaje analfabetismo,1960,12.70000000000000000000
02,Baja California,3108001001,Porcentaje analfabetismo,1970,12.70000000000000000000
02,Baja California,3108001001,Porcentaje analfabetismo,1980,6.60000000000000000000
02,Baja California,3108001001,Porcentaje analfabetismo,1990,4.70000000000000000000
02,Baja California,3108001001,Porcentaje analfabetismo,1995,4.00000000000000000000
02,Baja California,3108001001,Porcentaje analfabetismo,2000,3.50000000000000000000
02,Baja California,3108001001,Porcentaje analfabetismo,2005,3.10000000000000000000
02,Baja California,3108001001,Porcentaje analfabetismo,2010,2.57000000000000000000
02,Baja California,3108001001,Porcentaje analfabetismo,2015,1.95240414769978000000
02,Baja California,6200205239,Poblacion con educacion basica,2000,936739.00000000000000000000
02,Baja California,6200205239,Poblacion con educacion basica,2010,1235762.00000000000000000000
02,Baja California,6200205241,Poblacion con bachillerato,1990,99904.00000000000000000000
02,Baja California,6200205241,Poblacion con bachillerato,2000,193887.00000000000000000000
02,Baja California,6200205241,Poblacion con bachillerato,2010,367766.00000000000000000000
02,Baja California,6200205242,Poblacion con estudios superiores,1990,78838.00000000000000000000
02,Baja California,6200205242,Poblacion con estudios superiores,2000,144232.00000000000000000000
02,Baja California,6200205242,Poblacion con estudios superiores,2010,304573.00000000000000000000
02,Baja California,6207019020,Porcentaje sin escolaridad,2015,2.96138870000000000000
02,Baja California,6207019020,Porcentaje sin escolaridad,2020,2.76374866522024000000
03,Baja California Sur,1004000001,Derechohabientes,2000,249797.00000000000000000000
03,Baja California Sur,1004000001,Derechohabientes,2005,326132.00000000000000000000
03,Baja California Sur,1004000001,Derechohabientes,2010,481387.00000000000000000000
03,Baja California Sur,1004000001,Derechohabientes,2020,664122.00000000000000000000
03,Baja California Sur,1005000038,Promedio escolaridad,1995,
03,Baja California Sur,1005000038,Promedio escolaridad,2000,8.30000000000000000000
03,Baja California Sur,1005000038,Promedio escolaridad,2005,8.90000000000000000000
03,Baja California Sur,1005000038,Promedio escolaridad,2010,9.40000000000000000000
03,Baja California Sur,1005000038,Promedio escolaridad,2015,9.90553523078439000000
03,Baja California Sur,1005000038,Promedio escolaridad,2020,10.34254848873690000000
03,Baja California Sur,3108001001,Porcentaje analfabetismo,1910,
03,Baja California Sur,3108001001,Porcentaje analfabetismo,1921,27.70000000000000000000
03,Baja California Sur,3108001001,Porcentaje analfabetismo,1930,39.50000000000000000000
03,Baja California Sur,3108001001,Porcentaje analfabetismo,1940,31.80000000000000000000
03,Baja California Sur,3108001001,Porcentaje analfabetismo,1950,22.70000000000000000000
03,Baja California Sur,3108001001,Porcentaje analfabetismo,1960,15.50000000000000000000
03,Baja California Sur,3108001001,Porcentaje analfabetismo,1970,13.50000000000000000000
03,Baja California Sur,3108001001,Porcentaje analfabetismo,1980,7.50000000000000000000
03,Baja California Sur,3108001001,Porcentaje analfabetismo,1990,5.40000000000000000000
03,Baja California Sur,3108001001,Porcentaje analfabetismo,1995,4.90000000000000000000
03,Baja California Sur,3108001001,Porcentaje analfabetismo,2000,4.20000000000000000000
03,Baja California Sur,3108001001,Porcentaje analfabetismo,2005,3.60000000000000000000
03,Baja California Sur,3108001001,Porcentaje analfabetismo,2010,3.21000000000000000000
03,Baja California Sur,3108001001,Porcentaje analfabetismo,2015,2.48734299664970000000
03,Baja California Sur,6200205239,Poblacion con educacion basica,2000,166359.00000000000000000000
03,Baja California Sur,6200205239,Poblacion con educacion basica,2010,234542.00000000000000000000
03,Baja California Sur,6200205241,Poblacion con bachillerato,1990,19190.00000000000000000000
03,Baja California Sur,6200205241,Poblacion con bachillerato,2000,41002.00000000000000000000
03,Baja California Sur,6200205241,Poblacion con bachillerato,2010,81595.00000000000000000000
03,Baja California Sur,6200205242,Poblacion con estudios superiores,1990,13057.00000000000000000000
03,Baja California Sur,6200205242,Poblacion con estudios superiores,2000,26822.00000000000000000000
03,Baja California Sur,6200205242,Poblacion con estudios superiores,2010,70311.00000000000000000000
03,Baja California Sur,6207019020,Porcentaje sin escolaridad,2015,3.26294960000000000000
03,Baja California Sur,6207019020,Porcentaje sin escolaridad,2020,2.94083192759793000000
04,Campeche,1004000001,Derechohabientes,2000,265189.00000000000000000000
04,Campeche,1004000001,Derechohabientes,2005,439987.00000000000000000000
04,Campeche,1004000001,Derechohabientes,2010,631406.00000000000000000000
04,Campeche,1004000001,Derechohabientes,2020,719677.00000000000000000000
04,Campeche,1005000038,Promedio escolaridad,1995,
04,Campeche,1005000038,Promedio escolaridad,2000,7.00000000000000000000
04,Campeche,1005000038,Promedio escolaridad,2005,7.90000000000000000000
04,Campeche,1005000038,Promedio escolaridad,2010,8.51000000000000000000
04,Campeche,1005000038,Promedio escolaridad,2015,9.13845446041069000000
04,Campeche,1005000038,Promedio escolaridad,2020,9.62513019267048000000
04,Campeche,3108001001,Porcentaje analfabetismo,1910,66.40000000000000000000
04,Campeche,3108001001,Porcentaje analfabetismo,1921,56.20000000000000000000
04,Campeche,3108001001,Porcentaje analfabetismo,1930,59.10000000000000000000
04,Campeche,3108001001,Porcentaje analfabetismo,1940,47.60000000000000000000
04,Campeche,3108001001,Porcentaje analfabetismo,1950,37.90000000000000000000
04,Campeche,3108001001,Porcentaje analfabetismo,1960,30.20000000000000000000
04,Campeche,3108001001,Porcentaje analfabetismo,1970,25.30000000000000000000
04,Campeche,3108001001,Porcentaje analfabetismo,1980,17.00000000000000000000
04,Campeche,3108001001,Porcentaje analfabetismo,1990,15.40000000000000000000
04,Campeche,3108001001,Porcentaje analfabetismo,1995,13.80000000000000000000
04,Campeche,3108001001,Porcentaje analfabetismo,2000,11.80000000000000000000
04,Campeche,3108001001,Porcentaje analfabetismo,2005,10.20000000000000000000
04,Campeche,3108001001,Porcentaje analfabetismo,2010,8.31000000000000000000
04,Campeche,3108001001,Porcentaje analfabetismo,2015,6.64990964048840000000
04,Campeche,6200205239,Poblacion con educacion basica,2000,271727.00000000000000000000
04,Campeche,6200205239,Poblacion con educacion basica,2010,324014.00000000000000000000
04,Campeche,6200205241,Poblacion con bachillerato,1990,18043.00000000000000000000
04,Campeche,6200205241,Poblacion con bachillerato,2000,37327.00000000000000000000
04,Campeche,6200205241,Poblacion con bachillerato,2010,72279.00000000000000000000
04,Campeche,6200205242,Poblacion con estudios superiores,1990,14521.00000000000000000000
04,Campeche,6200205242,Poblacion con estudios superiores,2000,35645.00000000000000000000
04,Campeche,6200205242,Poblacion con estudios superiores,2010,82354.00000000000000000000
04,Campeche,6207019020,Porcentaje sin escolaridad,2015,7.59295100000000000000
04,Campeche,6207019020,Porcentaje sin escolaridad,2020,6.60530550508016000000
05,Coahuila de Zaragoza,1004000001,Derechohabientes,2000,1601684.00000000000000000000
05,Coahuila de Zaragoza,1004000001,Derechohabientes,2005,1721774.00000000000000000000
05,Coahuila de Zaragoza,1004000001,Derechohabientes,2010,2103178.00000000000000000000
05,Coahuila de Zaragoza,1004000001,Derechohabientes,2020,2540708.00000000000000000000
05,Coahuila de Zaragoza,1005000038,Promedio escolaridad,1995,
05,Coahuila de Zaragoza,1005000038,Promedio escolaridad,2000,8.40000000000000000000
05,Coahuila de Zaragoza,1005000038,Promedio escolaridad,2005,9.00000000000000000000
05,Coahuila de Zaragoza,1005000038,Promedio escolaridad,2010,9.47000000000000000000
05,Coahuila de Zaragoza,1005000038,Promedio escolaridad,2015,9.89738824882500000000
05,Coahuila de Zaragoza,1005000038,Promedio escolaridad,2020,10.43199556513110000000
05,Coahuila de Zaragoza,3108001001,Porcentaje analfabetismo,1910,55.90000000000000000000
05,Coahuila de Zaragoza,3108001001,Porcentaje analfabetismo,1921,50.70000000000000000000
05,Coahuila de Zaragoza,3108001001,Porcentaje analfabetismo,1930,47.70000000000000000000
05,Coahuila de Zaragoza,3108001001,Porcentaje analfabetismo,1940,34.40000000000000000000
05,Coahuila de Zaragoza,3108001001,Porcentaje analfabetismo,1950,25.90000000000000000000
05,Coahuila de Zaragoza,3108001001,Porcentaje analfabetismo,1960,15.60000000000000000000
05,Coahuila de Zaragoza,3108001001,Porcentaje analfabetismo,1970,13.80000000000000000000
05,Coahuila de Zaragoza,3108001001,Porcentaje analfabetismo,1980,7.90000000000000000000
05,Coahuila de Zaragoza,3108001001,Porcentaje analfabetismo,1990,5.50000000000000000000
05,Coahuila de Zaragoza,3108001001,Porcentaje analfabetismo,1995,4.80000000000000000000
05,Coahuila de Zaragoza,3108001001,Porcentaje analfabetismo,2000,3.90000000000000000000
05,Coahuila de Zaragoza,3108001001,Porcentaje analfabetismo,2005,3.30000000000000000000
05,Coahuila de Zaragoza,3108001001,Porcentaje analfabetismo,2010,2.63000000000000000000
05,Coahuila de Zaragoza,3108001001,Porcentaje analfabetismo,2015,1.96933033268193000000
05,Coahuila de Zaragoza,6200205239,Poblacion con educacion basica,2000,950803.00000000000000000000
05,Coahuila de Zaragoza,6200205239,Poblacion con educacion basica,2010,1089165.00000000000000000000
05,Coahuila de Zaragoza,6200205241,Poblacion con bachillerato,1990,75470.00000000000000000000
05,Coahuila de Zaragoza,6200205241,Poblacion con bachillerato,2000,125863.00000000000000000000
05,Coahuila de Zaragoza,6200205241,Poblacion con bachillerato,2010,219124.00000000000000000000
05,Coahuila de Zaragoza,6200205242,Poblacion con estudios superiores,1990,91831.00000000000000000000
05,Coahuila de Zaragoza,6200205242,Poblacion con estudios superiores,2000,165613.00000000000000000000
05,Coahuila de Zaragoza,6200205242,Poblacion con estudios superiores,2010,306864.00000000000000000000
05,Coahuila de Zaragoza,6207019020,Porcentaje sin escolaridad,2015,2.51203440000000000000
05,Coahuila de Zaragoza,6207019020,Porcentaje sin escolaridad,2020,1.92955932051191000000
06,Colima,1004000001,Derechohabientes,2000,247626.00000000000000000000
06,Colima,1004000001,Derechohabientes,2005,397103.00000000000000000000
06,Colima,1004000001,Derechohabientes,2010,528711.00000000000000000000
06,Colima,1004000001,Derechohabientes,2020,605947.00000000000000000000
06,Colima,1005000038,Promedio escolaridad,1995,
06,Colima,1005000038,Promedio escolaridad,2000,7.70000000000000000000
06,Colima,1005000038,Promedio escolaridad,2005,8.40000000000000000000
06,Colima,1005000038,Promedio escolaridad,2010,8.95000000000000000000
06,Colima,1005000038,Promedio escolaridad,2015,9.52872041908884000000
06,Colima,1005000038,Promedio escolaridad,2020,10.04672998212950000000
06,Colima,3108001001,Porcentaje analfabetismo,1910,46.90000000000000000000
06,Colima,3108001001,Porcentaje analfabetismo,1921,50.10000000000000000000
06,Colima,3108001001,Porcentaje analfabetismo,1930,48.20000000000000000000
06,Colima,3108001001,Porcentaje analfabetismo,1940,37.70000000000000000000
06,Colima,3108001001,Porcentaje analfabetismo,1950,33.30000000000000000000
06,Colima,3108001001,Porcentaje analfabetismo,1960,25.90000000000000000000
06,Colima,3108001001,Porcentaje analfabetismo,1970,22.30000000000000000000
06,Colima,3108001001,Porcentaje analfabetismo,1980,12.90000000000000000000
06,Colima,3108001001,Porcentaje analfabetismo,1990,9.30000000000000000000
06,Colima,3108001001,Porcentaje analfabetismo,1995,8.60000000000000000000
06,Colima,3108001001,Porcentaje analfabetismo,2000,7.20000000000000000000
06,Colima,3108001001,Porcentaje analfabetismo,2005,6.40000000000000000000
06,Colima,3108001001,Porcentaje analfabetismo,2010,5.13000000000000000000
06,Colima,3108001001,Porcentaje analfabetismo,2015,3.88011671880284000000
06,Colima,6200205239,Poblacion con educacion basica,2000,213005.00000000000000000000
06,Colima,6200205239,Poblacion con educacion basica,2010,256926.00000000000000000000
06,Colima,6200205241,Poblacion con bachillerato,1990,17339.00000000000000000000
06,Colima,6200205241,Poblacion con bachillerato,2000,30898.00000000000000000000
06,Colima,6200205241,Poblacion con bachillerato,2010,60060.00000000000000000000
06,Colima,6200205242,Poblacion con estudios superiores,1990,16077.00000000000000000000
06,Colima,6200205242,Poblacion con estudios superiores,2000,30790.00000000000000000000
06,Colima,6200205242,Poblacion con estudios superiores,2010,69227.00000000000000000000
06,Colima,6207019020,Porcentaje sin escolaridad,2015,4.67066300000000000000
06,Colima,6207019020,Porcentaje sin escolaridad,2020,3.99678574510312000000
07,Chiapas,1004000001,Derechohabientes,2000,689971.00000000000000000000
07,Chiapas,1004000001,Derechohabientes,2005,861443.00000000000000000000
07,Chiapas,1004000001,Derechohabientes,2010,2723529.00000000000000000000
07,Chiapas,1004000001,Derechohabientes,2020,3698663.00000000000000000000
07,Chiapas,1005000038,Promedio escolaridad,1995,
07,Chiapas,1005000038,Promedio escolaridad,2000,5.40000000000000000000
07,Chiapas,1005000038,Promedio escolaridad,2005,6.10000000000000000000
07,Chiapas,1005000038,Promedio escolaridad,2010,6.67000000000000000000
07,Chiapas,1005000038,Promedio escolaridad,2015,7.28858120820635000000
07,Chiapas,1005000038,Promedio escolaridad,2020,7.78321829739686000000
07,Chiapas,3108001001,Porcentaje analfabetismo,1910,85.20000000000000000000
07,Chiapas,3108001001,Porcentaje analfabetismo,1921,80.40000000000000000000
07,Chiapas,3108001001,Porcentaje analfabetismo,1930,81.00000000000000000000
07,Chiapas,3108001001,Porcentaje analfabetismo,1940,76.60000000000000000000
07,Chiapas,3108001001,Porcentaje analfabetismo,1950,65.40000000000000000000
07,Chiapas,3108001001,Porcentaje analfabetismo,1960,56.70000000000000000000
07,Chiapas,3108001001,Porcentaje analfabetismo,1970,45.40000000000000000000
07,Chiapas,3108001001,Porcentaje analfabetismo,1980,38.00000000000000000000
07,Chiapas,3108001001,Porcentaje analfabetismo,1990,30.10000000000000000000
07,Chiapas,3108001001,Porcentaje analfabetismo,1995,26.10000000000000000000
07,Chiapas,3108001001,Porcentaje analfabetismo,2000,22.90000000000000000000
07,Chiapas,3108001001,Porcentaje analfabetismo,2005,21.40000000000000000000
07,Chiapas,3108001001,Porcentaje analfabetismo,2010,17.80000000000000000000
07,Chiapas,3108001001,Porcentaje analfabetismo,2015,14.83999388770110000000
07,Chiapas,6200205239,Poblacion con educacion basica,2000,1384693.00000000000000000000
07,Chiapas,6200205239,Poblacion con educacion basica,2010,1848927.00000000000000000000
07,Chiapas,6200205241,Poblacion con bachillerato,1990,62036.00000000000000000000
07,Chiapas,6200205241,Poblacion con bachillerato,2000,134683.00000000000000000000
07,Chiapas,6200205241,Poblacion con bachillerato,2010,288346.00000000000000000000
07,Chiapas,6200205242,Poblacion con estudios superiores,1990,46221.00000000000000000000
07,Chiapas,6200205242,Poblacion con estudios superiores,2000,103352.00000000000000000000
07,Chiapas,6200205242,Poblacion con estudios superiores,2010,239023.00000000000000000000
07,Chiapas,6207019020,Porcentaje sin escolaridad,2015,14.55311300000000000000
07,Chiapas,6207019020,Porcentaje sin escolaridad,2020,13.29261156440570000000
08,Chihuahua,1004000001,Derechohabientes,2000,1716041.00000000000000000000
08,Chihuahua,1004000001,Derechohabientes,2005,1891460.00000000000000000000
08,Chihuahua,1004000001,Derechohabientes,2010,2489301.00000000000000000000
08,Chihuahua,1004000001,Derechohabientes,2020,3156294.00000000000000000000
08,Chihuahua,1005000038,Promedio escolaridad,1995,
08,Chihuahua,1005000038,Promedio escolaridad,2000,7.70000000000000000000
08,Chihuahua,1005000038,Promedio escolaridad,2005,8.30000000000000000000
08,Chihuahua,1005000038,Promedio escolaridad,2010,8.82000000000000000000
08,Chihuahua,1005000038,Promedio escolaridad,2015,9.46659055864783000000
08,Chihuahua,1005000038,Promedio escolaridad,2020,9.99694205883146000000
08,Chihuahua,3108001001,Porcentaje analfabetismo,1910,59.00000000000000000000
08,Chihuahua,3108001001,Porcentaje analfabetismo,1921,67.80000000000000000000
08,Chihuahua,3108001001,Porcentaje analfabetismo,1930,46.50000000000000000000
08,Chihuahua,3108001001,Porcentaje analfabetismo,1940,34.20000000000000000000
08,Chihuahua,3108001001,Porcentaje analfabetismo,1950,27.10000000000000000000
08,Chihuahua,3108001001,Porcentaje analfabetismo,1960,20.30000000000000000000
08,Chihuahua,3108001001,Porcentaje analfabetismo,1970,14.10000000000000000000
08,Chihuahua,3108001001,Porcentaje analfabetismo,1980,8.80000000000000000000
08,Chihuahua,3108001001,Porcentaje analfabetismo,1990,6.10000000000000000000
08,Chihuahua,3108001001,Porcentaje analfabetismo,1995,5.40000000000000000000
08,Chihuahua,3108001001,Porcentaje analfabetismo,2000,4.80000000000000000000
08,Chihuahua,3108001001,Porcentaje analfabetismo,2005,4.40000000000000000000
08,Chihuahua,3108001001,Porcentaje analfabetismo,2010,3.66000000000000000000
08,Chihuahua,3108001001,Porcentaje analfabetismo,2015,2.60294542485220000000
08,Chihuahua,6200205239,Poblacion con educacion basica,2000,1325353.00000000000000000000
08,Chihuahua,6200205239,Poblacion con educacion basica,2010,1379377.00000000000000000000
08,Chihuahua,6200205241,Poblacion con bachillerato,1990,164510.00000000000000000000
08,Chihuahua,6200205241,Poblacion con bachillerato,2000,305241.00000000000000000000
08,Chihuahua,6200205241,Poblacion con bachillerato,2010,524060.00000000000000000000
08,Chihuahua,6200205242,Poblacion con estudios superiores,1990,92317.00000000000000000000
08,Chihuahua,6200205242,Poblacion con estudios superiores,2000,168629.00000000000000000000
08,Chihuahua,6200205242,Poblacion con estudios superiores,2010,292920.00000000000000000000
08,Chihuahua,6207019020,Porcentaje sin escolaridad,2015,3.57812520000000000000
08,Chihuahua,6207019020,Porcentaje sin escolaridad,2020,3.06750905384742000000
09,Ciudad de México,1004000001,Derechohabientes,2000,4413972.00000000000000000000
09,Ciudad de México,1004000001,Derechohabientes,2005,4675210.00000000000000000000
09,Ciudad de México,1004000001,Derechohabientes,2010,5644901.00000000000000000000
09,Ciudad de México,1004000001,Derechohabientes,2020,6689012.00000000000000000000
09,Ciudad de México,1005000038,Promedio escolaridad,1995,
09,Ciudad de México,1005000038,Promedio escolaridad,2000,9.60000000000000000000
09,Ciudad de México,1005000038,Promedio escolaridad,2005,10.20000000000000000000
09,Ciudad de México,1005000038,Promedio escolaridad,2010,10.54000000000000000000
09,Ciudad de México,1005000038,Promedio escolaridad,2015,11.11958711239740000000
09,Ciudad de México,1005000038,Promedio escolaridad,2020,11.48203940793250000000
09,Ciudad de México,3108001001,Porcentaje analfabetismo,1910,35.60000000000000000000
09,Ciudad de México,3108001001,Porcentaje analfabetismo,1921,24.10000000000000000000
09,Ciudad de México,3108001001,Porcentaje analfabetismo,1930,27.00000000000000000000
09,Ciudad de México,3108001001,Porcentaje analfabetismo,1940,21.40000000000000000000
09,Ciudad de México,3108001001,Porcentaje analfabetismo,1950,18.30000000000000000000
09,Ciudad de México,3108001001,Porcentaje analfabetismo,1960,14.20000000000000000000
09,Ciudad de México,3108001001,Porcentaje analfabetismo,1970,10.00000000000000000000
09,Ciudad de México,3108001001,Porcentaje analfabetismo,1980,5.90000000000000000000
09,Ciudad de México,3108001001,Porcentaje analfabetismo,1990,4.00000000000000000000
09,Ciudad de México,3108001001,Porcentaje analfabetismo,1995,3.00000000000000000000
09,Ciudad de México,3108001001,Porcentaje analfabetismo,2000,2.90000000000000000000
09,Ciudad de México,3108001001,Porcentaje analfabetismo,2005,2.60000000000000000000
09,Ciudad de México,3108001001,Porcentaje analfabetismo,2010,2.09000000000000000000
09,Ciudad de México,3108001001,Porcentaje analfabetismo,2015,1.47506549456320000000
09,Ciudad de México,6200205239,Poblacion con educacion basica,2000,3162237.00000000000000000000
09,Ciudad de México,6200205239,Poblacion con educacion basica,2010,2937137.00000000000000000000
09,Ciudad de México,6200205241,Poblacion con bachillerato,1990,602857.00000000000000000000
09,Ciudad de México,6200205241,Poblacion con bachillerato,2000,866241.00000000000000000000
09,Ciudad de México,6200205241,Poblacion con bachillerato,2010,1143966.00000000000000000000
09,Ciudad de México,6200205242,Poblacion con estudios superiores,1990,752592.00000000000000000000
09,Ciudad de México,6200205242,Poblacion con estudios superiores,2000,1052535.00000000000000000000
09,Ciudad de México,6200205242,Poblacion con estudios superiores,2010,1628840.00000000000000000000
09,Ciudad de México,6207019020,Porcentaje sin escolaridad,2015,2.02090500000000000000
09,Ciudad de México,6207019020,Porcentaje sin escolaridad,2020,2.00791118171538000000
10,Durango,1004000001,Derechohabientes,2000,708077.00000000000000000000
10,Durango,1004000001,Derechohabientes,2005,756419.00000000000000000000
10,Durango,1004000001,Derechohabientes,2010,1113493.00000000000000000000
10,Durango,1004000001,Derechohabientes,2020,1366665.00000000000000000000
10,Durango,1005000038,Promedio escolaridad,1995,
10,Durango,1005000038,Promedio escolaridad,2000,7.30000000000000000000
10,Durango,1005000038,Promedio escolaridad,2005,8.00000000000000000000
10,Durango,1005000038,Promedio escolaridad,2010,8.58000000000000000000
10,Durango,1005000038,Promedio escolaridad,2015,9.14760965873131000000
10,Durango,1005000038,Promedio escolaridad,2020,9.74606943077146000000
10,Durango,3108001001,Porcentaje analfabetismo,1910,72.40000000000000000000
10,Durango,3108001001,Porcentaje analfabetismo,1921,63.60000000000000000000
10,Durango,3108001001,Porcentaje analfabetismo,1930,58.30000000000000000000
10,Durango,3108001001,Porcentaje analfabetismo,1940,45.30000000000000000000
10,Durango,3108001001,Porcentaje analfabetismo,1950,31.40000000000000000000
10,Durango,3108001001,Porcentaje analfabetismo,1960,19.90000000000000000000
10,Durango,3108001001,Porcentaje analfabetismo,1970,15.60000000000000000000
10,Durango,3108001001,Porcentaje analfabetismo,1980,9.50000000000000000000
10,Durango,3108001001,Porcentaje analfabetismo,1990,7.00000000000000000000
10,Durango,3108001001,Porcentaje analfabetismo,1995,6.10000000000000000000
10,Durango,3108001001,Porcentaje analfabetismo,2000,5.40000000000000000000
10,Durango,3108001001,Porcentaje analfabetismo,2005,4.80000000000000000000
10,Durango,3108001001,Porcentaje analfabetismo,2010,3.82000000000000000000
10,Durango,3108001001,Porcentaje analfabetismo,2015,3.15382800328400000000
10,Durango,6200205239,Poblacion con educacion basica,2000,628161.00000000000000000000
10,Durango,6200205239,Poblacion con educacion basica,2010,692776.00000000000000000000
10,Durango,6200205241,Poblacion con bachillerato,1990,159203.00000000000000000000
10,Durango,6200205241,Poblacion con bachillerato,2000,328945.00000000000000000000
10,Durango,6200205241,Poblacion con bachillerato,2010,644247.00000000000000000000
10,Durango,6200205242,Poblacion con estudios superiores,1990,36412.00000000000000000000
10,Durango,6200205242,Poblacion con estudios superiores,2000,68957.00000000000000000000
10,Durango,6200205242,Poblacion con estudios superiores,2010,127530.00000000000000000000
10,Durango,6207019020,Porcentaje sin escolaridad,2015,3.35996740000000000000
10,Durango,6207019020,Porcentaje sin escolaridad,2020,2.85168949452367000000
11,Guanajuato,1004000001,Derechohabientes,2000,1580027.00000000000000000000
11,Guanajuato,1004000001,Derechohabientes,2005,2422288.00000000000000000000
11,Guanajuato,1004000001,Derechohabientes,2010,3822471.00000000000000000000
11,Guanajuato,1004000001,Derechohabientes,2020,4874661.00000000000000000000
11,Guanajuato,1005000038,Promedio escolaridad,1995,
11,Guanajuato,1005000038,Promedio escolaridad,2000,6.40000000000000000000
11,Guanajuato,1005000038,Promedio escolaridad,2005,7.20000000000000000000
11,Guanajuato,1005000038,Promedio escolaridad,2010,7.73000000000000000000
11,Guanajuato,1005000038,Promedio escolaridad,2015,8.38185068146182000000
11,Guanajuato,1005000038,Promedio escolaridad,2020,9.04378669807942000000
11,Guanajuato,3108001001,Porcentaje analfabetismo,1910,78.50000000000000000000
11,Guanajuato,3108001001,Porcentaje analfabetismo,1921,77.00000000000000000000
11,Guanajuato,3108001001,Porcentaje analfabetismo,1930,74.90000000000000000000
11,Guanajuato,3108001001,Porcentaje analfabetismo,1940,67.10000000000000000000
11,Guanajuato,3108001001,Porcentaje analfabetismo,1950,55.70000000000000000000
11,Guanajuato,3108001001,Porcentaje analfabetismo,1960,45.20000000000000000000
11,Guanajuato,3108001001,Porcentaje analfabetismo,1970,37.50000000000000000000
11,Guanajuato,3108001001,Porcentaje analfabetismo,1980,24.10000000000000000000
11,Guanajuato,3108001001,Porcentaje analfabetismo,1990,16.60000000000000000000
11,Guanajuato,3108001001,Porcentaje analfabetismo,1995,14.10000000000000000000
11,Guanajuato,3108001001,Porcentaje analfabetismo,2000,12.00000000000000000000
11,Guanajuato,3108001001,Porcentaje analfabetismo,2005,10.40000000000000000000
11,Guanajuato,3108001001,Porcentaje analfabetismo,2010,8.18000000000000000000
11,Guanajuato,3108001001,Porcentaje analfabetismo,2015,6.34906629963758000000
11,Guanajuato,6200205239,Poblacion con educacion basica,2000,1934629.00000000000000000000
11,Guanajuato,6200205239,Poblacion con educacion basica,2010,2372907.00000000000000000000
11,Guanajuato,6200205241,Poblacion con bachillerato,1990,85830.00000000000000000000
11,Guanajuato,6200205241,Poblacion con bachillerato,2000,187456.00000000000000000000
11,Guanajuato,6200205241,Poblacion con bachillerato,2010,388626.00000000000000000000
11,Guanajuato,6200205242,Poblacion con estudios superiores,1990,80203.00000000000000000000
11,Guanajuato,6200205242,Poblacion con estudios superiores,2000,152197.00000000000000000000
11,Guanajuato,6200205242,Poblacion con estudios superiores,2010,349057.00000000000000000000
11,Guanajuato,6207019020,Porcentaje sin escolaridad,2015,7.74987530000000000000
11,Guanajuato,6207019020,Porcentaje sin escolaridad,2020,6.32807671635179000000
12,Guerrero,1004000001,Derechohabientes,2000,626078.00000000000000000000
12,Guerrero,1004000001,Derechohabientes,2005,738033.00000000000000000000
12,Guerrero,1004000001,Derechohabientes,2010,1807297.00000000000000000000
12,Guerrero,1004000001,Derechohabientes,2020,2632004.00000000000000000000
12,Guerrero,1005000038,Promedio escolaridad,1995,
12,Guerrero,1005000038,Promedio escolaridad,2000,6.10000000000000000000
12,Guerrero,1005000038,Promedio escolaridad,2005,6.80000000000000000000
12,Guerrero,1005000038,Promedio escolaridad,2010,7.27000000000000000000
12,Guerrero,1005000038,Promedio escolaridad,2015,7.80270742203381000000
12,Guerrero,1005000038,Promedio escolaridad,2020,8.37269861691862000000
12,Guerrero,3108001001,Porcentaje analfabetismo,1910,86.90000000000000000000
12,Guerrero,3108001001,Porcentaje analfabetismo,1921,81.30000000000000000000
12,Guerrero,3108001001,Porcentaje analfabetismo,1930,84.00000000000000000000
12,Guerrero,3108001001,Porcentaje analfabetismo,1940,78.10000000000000000000
12,Guerrero,3108001001,Porcentaje analfabetismo,1950,68.00000000000000000000
12,Guerrero,3108001001,Porcentaje analfabetismo,1960,60.60000000000000000000
12,Guerrero,3108001001,Porcentaje analfabetismo,1970,48.10000000000000000000
12,Guerrero,3108001001,Porcentaje analfabetismo,1980,35.60000000000000000000
12,Guerrero,3108001001,Porcentaje analfabetismo,1990,26.90000000000000000000
12,Guerrero,3108001001,Porcentaje analfabetismo,1995,24.00000000000000000000
12,Guerrero,3108001001,Porcentaje analfabetismo,2000,21.60000000000000000000
12,Guerrero,3108001001,Porcentaje analfabetismo,2005,19.90000000000000000000
12,Guerrero,3108001001,Porcentaje analfabetismo,2010,16.68000000000000000000
12,Guerrero,3108001001,Porcentaje analfabetismo,2015,13.61348554487720000000
12,Guerrero,6200205239,Poblacion con educacion basica,2000,1040215.00000000000000000000
12,Guerrero,6200205239,Poblacion con educacion basica,2010,1249729.00000000000000000000
12,Guerrero,6200205241,Poblacion con bachillerato,1990,82582.00000000000000000000
12,Guerrero,6200205241,Poblacion con bachillerato,2000,148445.00000000000000000000
12,Guerrero,6200205241,Poblacion con bachillerato,2010,267472.00000000000000000000
12,Guerrero,6200205242,Poblacion con estudios superiores,1990,52493.00000000000000000000
12,Guerrero,6200205242,Poblacion con estudios superiores,2000,115151.00000000000000000000
12,Guerrero,6200205242,Poblacion con estudios superiores,2010,214314.00000000000000000000
12,Guerrero,6207019020,Porcentaje sin escolaridad,2015,13.24839800000000000000
12,Guerrero,6207019020,Porcentaje sin escolaridad,2020,11.61402428524470000000
13,Hidalgo,1004000001,Derechohabientes,2000,651325.00000000000000000000
13,Hidalgo,1004000001,Derechohabientes,2005,849191.00000000000000000000
13,Hidalgo,1004000001,Derechohabientes,2010,1739207.00000000000000000000
13,Hidalgo,1004000001,Derechohabientes,2020,2149373.00000000000000000000
13,Hidalgo,1005000038,Promedio escolaridad,1995,
13,Hidalgo,1005000038,Promedio escolaridad,2000,6.70000000000000000000
13,Hidalgo,1005000038,Promedio escolaridad,2005,7.40000000000000000000
13,Hidalgo,1005000038,Promedio escolaridad,2010,8.10000000000000000000
13,Hidalgo,1005000038,Promedio escolaridad,2015,8.71545667795293000000
13,Hidalgo,1005000038,Promedio escolaridad,2020,9.37075890511716000000
13,Hidalgo,3108001001,Porcentaje analfabetismo,1910,75.50000000000000000000
13,Hidalgo,3108001001,Porcentaje analfabetismo,1921,76.20000000000000000000
13,Hidalgo,3108001001,Porcentaje analfabetismo,1930,75.90000000000000000000
13,Hidalgo,3108001001,Porcentaje analfabetismo,1940,70.20000000000000000000
13,Hidalgo,3108001001,Porcentaje analfabetismo,1950,59.50000000000000000000
13,Hidalgo,3108001001,Porcentaje analfabetismo,1960,55.20000000000000000000
13,Hidalgo,3108001001,Porcentaje analfabetismo,1970,41.60000000000000000000
13,Hidalgo,3108001001,Porcentaje analfabetismo,1980,30.00000000000000000000
13,Hidalgo,3108001001,Porcentaje analfabetismo,1990,20.70000000000000000000
13,Hidalgo,3108001001,Porcentaje analfabetismo,1995,16.90000000000000000000
13,Hidalgo,3108001001,Porcentaje analfabetismo,2000,14.90000000000000000000
13,Hidalgo,3108001001,Porcentaje analfabetismo,2005,12.80000000000000000000
13,Hidalgo,3108001001,Porcentaje analfabetismo,2010,10.23000000000000000000
13,Hidalgo,3108001001,Porcentaje analfabetismo,2015,8.19686288324147000000
13,Hidalgo,6200205239,Poblacion con educacion basica,2000,915008.00000000000000000000
13,Hidalgo,6200205239,Poblacion con educacion basica,2010,1104715.00000000000000000000
13,Hidalgo,6200205241,Poblacion con bachillerato,1990,52838.00000000000000000000
13,Hidalgo,6200205241,Poblacion con bachillerato,2000,101483.00000000000000000000
13,Hidalgo,6200205241,Poblacion con bachillerato,2010,210532.00000000000000000000
13,Hidalgo,6200205242,Poblacion con estudios superiores,1990,39343.00000000000000000000
13,Hidalgo,6200205242,Poblacion con estudios superiores,2000,82149.00000000000000000000
13,Hidalgo,6200205242,Poblacion con estudios superiores,2010,185201.00000000000000000000
13,Hidalgo,6207019020,Porcentaje sin escolaridad,2015,6.72203060000000000000
13,Hidalgo,6207019020,Porcentaje sin escolaridad,2020,6.06279911389523000000
14,Jalisco,1004000001,Derechohabientes,2000,2798272.00000000000000000000
14,Jalisco,1004000001,Derechohabientes,2005,3461514.00000000000000000000
14,Jalisco,1004000001,Derechohabientes,2010,4709272.00000000000000000000
14,Jalisco,1004000001,Derechohabientes,2020,5835710.00000000000000000000
14,Jalisco,1005000038,Promedio escolaridad,1995,
14,Jalisco,1005000038,Promedio escolaridad,2000,7.50000000000000000000
14,Jalisco,1005000038,Promedio escolaridad,2005,8.20000000000000000000
14,Jalisco,1005000038,Promedio escolaridad,2010,8.78000000000000000000
14,Jalisco,1005000038,Promedio escolaridad,2015,9.24986079597544000000
14,Jalisco,1005000038,Promedio escolaridad,2020,9.89735341720182000000
14,Jalisco,3108001001,Porcentaje analfabetismo,1910,64.10000000000000000000
14,Jalisco,3108001001,Porcentaje analfabetismo,1921,57.50000000000000000000
14,Jalisco,3108001001,Porcentaje analfabetismo,1930,58.00000000000000000000
14,Jalisco,3108001001,Porcentaje analfabetismo,1940,47.30000000000000000000
14,Jalisco,3108001001,Porcentaje analfabetismo,1950,38.80000000000000000000
14,Jalisco,3108001001,Porcentaje analfabetismo,1960,30.00000000000000000000
14,Jalisco,3108001001,Porcentaje analfabetismo,1970,21.00000000000000000000
14,Jalisco,3108001001,Porcentaje analfabetismo,1980,13.20000000000000000000
14,Jalisco,3108001001,Porcentaje analfabetismo,1990,8.90000000000000000000
14,Jalisco,3108001001,Porcentaje analfabetismo,1995,7.40000000000000000000
14,Jalisco,3108001001,Porcentaje analfabetismo,2000,6.50000000000000000000
14,Jalisco,3108001001,Porcentaje analfabetismo,2005,5.60000000000000000000
14,Jalisco,3108001001,Porcentaje analfabetismo,2010,4.36000000000000000000
14,Jalisco,3108001001,Porcentaje analfabetismo,2015,3.52446843448046000000
14,Jalisco,6200205239,Poblacion con educacion basica,2000,2676127.00000000000000000000
14,Jalisco,6200205239,Poblacion con educacion basica,2010,3009017.00000000000000000000
14,Jalisco,6200205241,Poblacion con bachillerato,1990,179313.00000000000000000000
14,Jalisco,6200205241,Poblacion con bachillerato,2000,339550.00000000000000000000
14,Jalisco,6200205241,Poblacion con bachillerato,2010,635897.00000000000000000000
14,Jalisco,6200205242,Poblacion con estudios superiores,1990,205450.00000000000000000000
14,Jalisco,6200205242,Poblacion con estudios superiores,2000,366458.00000000000000000000
14,Jalisco,6200205242,Poblacion con estudios superiores,2010,728641.00000000000000000000
14,Jalisco,6207019020,Porcentaje sin escolaridad,2015,4.34917400000000000000
14,Jalisco,6207019020,Porcentaje sin escolaridad,2020,3.41912166599307000000
15,México,1004000001,Derechohabientes,2000,5196837.00000000000000000000
15,México,1004000001,Derechohabientes,2005,5936128.00000000000000000000
15,México,1004000001,Derechohabientes,2010,8811664.00000000000000000000
15,México,1004000001,Derechohabientes,2020,11267677.00000000000000000000
15,México,1005000038,Promedio escolaridad,1995,
15,México,1005000038,Promedio escolaridad,2000,8.00000000000000000000
15,México,1005000038,Promedio escolaridad,2005,8.70000000000000000000
15,México,1005000038,Promedio escolaridad,2010,9.10000000000000000000
15,México,1005000038,Promedio escolaridad,2015,9.52806737925937000000
15,México,1005000038,Promedio escolaridad,2020,10.08239804684450000000
15,México,3108001001,Porcentaje analfabetismo,1910,74.90000000000000000000
15,México,3108001001,Porcentaje analfabetismo,1921,67.50000000000000000000
15,México,3108001001,Porcentaje analfabetismo,1930,74.10000000000000000000
15,México,3108001001,Porcentaje analfabetismo,1940,65.20000000000000000000
15,México,3108001001,Porcentaje analfabetismo,1950,51.90000000000000000000
15,México,3108001001,Porcentaje analfabetismo,1960,40.90000000000000000000
15,México,3108001001,Porcentaje analfabetismo,1970,27.50000000000000000000
15,México,3108001001,Porcentaje analfabetismo,1980,13.60000000000000000000
15,México,3108001001,Porcentaje analfabetismo,1990,9.00000000000000000000
15,México,3108001001,Porcentaje analfabetismo,1995,7.10000000000000000000
15,México,3108001001,Porcentaje analfabetismo,2000,6.40000000000000000000
15,México,3108001001,Porcentaje analfabetismo,2005,5.30000000000000000000
15,México,3108001001,Porcentaje analfabetismo,2010,4.38000000000000000000
15,México,3108001001,Porcentaje analfabetismo,2015,3.33707124315867000000
15,México,6200205239,Poblacion con educacion basica,2000,5161504.00000000000000000000
15,México,6200205239,Poblacion con educacion basica,2010,5971664.00000000000000000000
15,México,6200205241,Poblacion con bachillerato,1990,427478.00000000000000000000
15,México,6200205241,Poblacion con bachillerato,2000,844204.00000000000000000000
15,México,6200205241,Poblacion con bachillerato,2010,1565560.00000000000000000000
15,México,6200205242,Poblacion con estudios superiores,1990,380098.00000000000000000000
15,México,6200205242,Poblacion con estudios superiores,2000,688839.00000000000000000000
15,México,6200205242,Poblacion con estudios superiores,2010,1404965.00000000000000000000
15,México,6207019020,Porcentaje sin escolaridad,2015,3.99552970000000000000
15,México,6207019020,Porcentaje sin escolaridad,2020,3.36480973126989000000
16,Michoacán de Ocampo,1004000001,Derechohabientes,2000,1045874.00000000000000000000
16,Michoacán de Ocampo,1004000001,Derechohabientes,2005,1084374.00000000000000000000
16,Michoacán de Ocampo,1004000001,Derechohabientes,2010,2359537.00000000000000000000
16,Michoacán de Ocampo,1004000001,Derechohabientes,2020,2954556.00000000000000000000
16,Michoacán de Ocampo,1005000038,Promedio escolaridad,1995,
16,Michoacán de Ocampo,1005000038,Promedio escolaridad,2000,6.20000000000000000000
16,Michoacán de Ocampo,1005000038,Promedio escolaridad,2005,6.90000000000000000000
16,Michoacán de Ocampo,1005000038,Promedio escolaridad,2010,7.42000000000000000000
16,Michoacán de Ocampo,1005000038,Promedio escolaridad,2015,7.92616695604693000000
16,Michoacán de Ocampo,1005000038,Promedio escolaridad,2020,8.59549015751925000000
16,Michoacán de Ocampo,3108001001,Porcentaje analfabetismo,1910,80.30000000000000000000
16,Michoacán de Ocampo,3108001001,Porcentaje analfabetismo,1921,78.80000000000000000000
16,Michoacán de Ocampo,3108001001,Porcentaje analfabetismo,1930,72.10000000000000000000
16,Michoacán de Ocampo,3108001001,Porcentaje analfabetismo,1940,65.60000000000000000000
16,Michoacán de Ocampo,3108001001,Porcentaje analfabetismo,1950,54.30000000000000000000
16,Michoacán de Ocampo,3108001001,Porcentaje analfabetismo,1960,44.60000000000000000000
16,Michoacán de Ocampo,3108001001,Porcentaje analfabetismo,1970,36.30000000000000000000
16,Michoacán de Ocampo,3108001001,Porcentaje analfabetismo,1980,25.20000000000000000000
16,Michoacán de Ocampo,3108001001,Porcentaje analfabetismo,1990,17.30000000000000000000
16,Michoacán de Ocampo,3108001001,Porcentaje analfabetismo,1995,15.50000000000000000000
16,Michoacán de Ocampo,3108001001,Porcentaje analfabetismo,2000,13.90000000000000000000
16,Michoacán de Ocampo,3108001001,Porcentaje analfabetismo,2005,12.60000000000000000000
16,Michoacán de Ocampo,3108001001,Porcentaje analfabetismo,2010,10.18000000000000000000
16,Michoacán de Ocampo,3108001001,Porcentaje analfabetismo,2015,8.27452839551084000000
16,Michoacán de Ocampo,6200205239,Poblacion con educacion basica,2000,1600099.00000000000000000000
16,Michoacán de Ocampo,6200205239,Poblacion con educacion basica,2010,1864274.00000000000000000000
16,Michoacán de Ocampo,6200205241,Poblacion con bachillerato,1990,87177.00000000000000000000
16,Michoacán de Ocampo,6200205241,Poblacion con bachillerato,2000,153818.00000000000000000000
16,Michoacán de Ocampo,6200205241,Poblacion con bachillerato,2010,286267.00000000000000000000
16,Michoacán de Ocampo,6200205242,Poblacion con estudios superiores,1990,84503.00000000000000000000
16,Michoacán de Ocampo,6200205242,Poblacion con estudios superiores,2000,145056.00000000000000000000
16,Michoacán de Ocampo,6200205242,Poblacion con estudios superiores,2010,282413.00000000000000000000
16,Michoacán de Ocampo,6207019020,Porcentaje sin escolaridad,2015,9.14063320000000000000
16,Michoacán de Ocampo,6207019020,Porcentaje sin escolaridad,2020,7.58113160691989000000
17,Morelos,1004000001,Derechohabientes,2000,531770.00000000000000000000
17,Morelos,1004000001,Derechohabientes,2005,661544.00000000000000000000
17,Morelos,1004000001,Derechohabientes,2010,1122320.00000000000000000000
17,Morelos,1004000001,Derechohabientes,2020,1416884.00000000000000000000
17,Morelos,1005000038,Promedio escolaridad,1995,
17,Morelos,1005000038,Promedio escolaridad,2000,7.70000000000000000000
17,Morelos,1005000038,Promedio escolaridad,2005,8.40000000000000000000
17,Morelos,1005000038,Promedio escolaridad,2010,8.90000000000000000000
17,Morelos,1005000038,Promedio escolaridad,2015,9.30300061402554000000
17,Morelos,1005000038,Promedio escolaridad,2020,9.84478155712582000000
17,Morelos,3108001001,Porcentaje analfabetismo,1910,67.10000000000000000000
17,Morelos,3108001001,Porcentaje analfabetismo,1921,56.30000000000000000000
17,Morelos,3108001001,Porcentaje analfabetismo,1930,66.10000000000000000000
17,Morelos,3108001001,Porcentaje analfabetismo,1940,51.40000000000000000000
17,Morelos,3108001001,Porcentaje analfabetismo,1950,41.20000000000000000000
17,Morelos,3108001001,Porcentaje analfabetismo,1960,38.20000000000000000000
17,Morelos,3108001001,Porcentaje analfabetismo,1970,28.50000000000000000000
17,Morelos,3108001001,Porcentaje analfabetismo,1980,16.90000000000000000000
17,Morelos,3108001001,Porcentaje analfabetismo,1990,12.00000000000000000000
17,Morelos,3108001001,Porcentaje analfabetismo,1995,10.60000000000000000000
17,Morelos,3108001001,Porcentaje analfabetismo,2000,9.20000000000000000000
17,Morelos,3108001001,Porcentaje analfabetismo,2005,8.10000000000000000000
17,Morelos,3108001001,Porcentaje analfabetismo,2010,6.42000000000000000000
17,Morelos,3108001001,Porcentaje analfabetismo,2015,4.95519569719918000000
17,Morelos,6200205239,Poblacion con educacion basica,2000,592193.00000000000000000000
17,Morelos,6200205239,Poblacion con educacion basica,2010,695787.00000000000000000000
17,Morelos,6200205241,Poblacion con bachillerato,1990,55481.00000000000000000000
17,Morelos,6200205241,Poblacion con bachillerato,2000,98077.00000000000000000000
17,Morelos,6200205241,Poblacion con bachillerato,2010,173718.00000000000000000000
17,Morelos,6200205242,Poblacion con estudios superiores,1990,46520.00000000000000000000
17,Morelos,6200205242,Poblacion con estudios superiores,2000,90199.00000000000000000000
17,Morelos,6200205242,Poblacion con estudios superiores,2010,176980.00000000000000000000
17,Morelos,6207019020,Porcentaje sin escolaridad,2015,5.82796170000000000000
17,Morelos,6207019020,Porcentaje sin escolaridad,2020,4.95938472231746000000
18,Nayarit,1004000001,Derechohabientes,2000,373087.00000000000000000000
18,Nayarit,1004000001,Derechohabientes,2005,565790.00000000000000000000
18,Nayarit,1004000001,Derechohabientes,2010,827831.00000000000000000000
18,Nayarit,1004000001,Derechohabientes,2020,960563.00000000000000000000
18,Nayarit,1005000038,Promedio escolaridad,1995,
18,Nayarit,1005000038,Promedio escolaridad,2000,7.30000000000000000000
18,Nayarit,1005000038,Promedio escolaridad,2005,8.00000000000000000000
18,Nayarit,1005000038,Promedio escolaridad,2010,8.61000000000000000000
18,Nayarit,1005000038,Promedio escolaridad,2015,9.15892146940172000000
18,Nayarit,1005000038,Promedio escolaridad,2020,9.72952373557258000000
18,Nayarit,3108001001,Porcentaje analfabetismo,1910,69.90000000000000000000
18,Nayarit,3108001001,Porcentaje analfabetismo,1921,58.80000000000000000000
18,Nayarit,3108001001,Porcentaje analfabetismo,1930,60.50000000000000000000
18,Nayarit,3108001001,Porcentaje analfabetismo,1940,46.90000000000000000000
18,Nayarit,3108001001,Porcentaje analfabetismo,1950,38.40000000000000000000
18,Nayarit,3108001001,Porcentaje analfabetismo,1960,30.90000000000000000000
18,Nayarit,3108001001,Porcentaje analfabetismo,1970,24.40000000000000000000
18,Nayarit,3108001001,Porcentaje analfabetismo,1980,16.50000000000000000000
18,Nayarit,3108001001,Porcentaje analfabetismo,1990,11.30000000000000000000
18,Nayarit,3108001001,Porcentaje analfabetismo,1995,10.10000000000000000000
18,Nayarit,3108001001,Porcentaje analfabetismo,2000,9.00000000000000000000
18,Nayarit,3108001001,Porcentaje analfabetismo,2005,8.00000000000000000000
18,Nayarit,3108001001,Porcentaje analfabetismo,2010,6.31000000000000000000
18,Nayarit,3108001001,Porcentaje analfabetismo,2015,5.03596014718021000000
18,Nayarit,6200205239,Poblacion con educacion basica,2000,376751.00000000000000000000
18,Nayarit,6200205239,Poblacion con educacion basica,2010,434999.00000000000000000000
18,Nayarit,6200205241,Poblacion con bachillerato,1990,27718.00000000000000000000
18,Nayarit,6200205241,Poblacion con bachillerato,2000,47054.00000000000000000000
18,Nayarit,6200205241,Poblacion con bachillerato,2010,94555.00000000000000000000
18,Nayarit,6200205242,Poblacion con estudios superiores,1990,25335.00000000000000000000
18,Nayarit,6200205242,Poblacion con estudios superiores,2000,47960.00000000000000000000
18,Nayarit,6200205242,Poblacion con estudios superiores,2010,99384.00000000000000000000
18,Nayarit,6207019020,Porcentaje sin escolaridad,2015,5.54661440000000000000
18,Nayarit,6207019020,Porcentaje sin escolaridad,2020,4.71369588558905000000
19,Nuevo León,1004000001,Derechohabientes,2000,2528052.00000000000000000000
19,Nuevo León,1004000001,Derechohabientes,2005,2904194.00000000000000000000
19,Nuevo León,1004000001,Derechohabientes,2010,3589417.00000000000000000000
19,Nuevo León,1004000001,Derechohabientes,2020,4681465.00000000000000000000
19,Nuevo León,1005000038,Promedio escolaridad,1995,
19,Nuevo León,1005000038,Promedio escolaridad,2000,8.80000000000000000000
19,Nuevo León,1005000038,Promedio escolaridad,2005,9.50000000000000000000
19,Nuevo León,1005000038,Promedio escolaridad,2010,9.81000000000000000000
19,Nuevo León,1005000038,Promedio escolaridad,2015,10.27495585737540000000
19,Nuevo León,1005000038,Promedio escolaridad,2020,10.74095945231380000000
19,Nuevo León,3108001001,Porcentaje analfabetismo,1910,52.40000000000000000000
19,Nuevo León,3108001001,Porcentaje analfabetismo,1921,37.60000000000000000000
19,Nuevo León,3108001001,Porcentaje analfabetismo,1930,42.00000000000000000000
19,Nuevo León,3108001001,Porcentaje analfabetismo,1940,30.10000000000000000000
19,Nuevo León,3108001001,Porcentaje analfabetismo,1950,21.50000000000000000000
19,Nuevo León,3108001001,Porcentaje analfabetismo,1960,17.50000000000000000000
19,Nuevo León,3108001001,Porcentaje analfabetismo,1970,12.10000000000000000000
19,Nuevo León,3108001001,Porcentaje analfabetismo,1980,7.30000000000000000000
19,Nuevo León,3108001001,Porcentaje analfabetismo,1990,4.70000000000000000000
19,Nuevo León,3108001001,Porcentaje analfabetismo,1995,3.80000000000000000000
19,Nuevo León,3108001001,Porcentaje analfabetismo,2000,3.30000000000000000000
19,Nuevo León,3108001001,Porcentaje analfabetismo,2005,2.80000000000000000000
19,Nuevo León,3108001001,Porcentaje analfabetismo,2010,2.20000000000000000000
19,Nuevo León,3108001001,Porcentaje analfabetismo,2015,1.62629068698064000000
19,Nuevo León,6200205239,Poblacion con educacion basica,2000,1532928.00000000000000000000
19,Nuevo León,6200205239,Poblacion con educacion basica,2010,1767665.00000000000000000000
19,Nuevo León,6200205241,Poblacion con bachillerato,1990,142485.00000000000000000000
19,Nuevo León,6200205241,Poblacion con bachillerato,2000,216659.00000000000000000000
19,Nuevo León,6200205241,Poblacion con bachillerato,2010,362736.00000000000000000000
19,Nuevo León,6200205242,Poblacion con estudios superiores,1990,183470.00000000000000000000
19,Nuevo León,6200205242,Poblacion con estudios superiores,2000,332875.00000000000000000000
19,Nuevo León,6200205242,Poblacion con estudios superiores,2010,612798.00000000000000000000
19,Nuevo León,6207019020,Porcentaje sin escolaridad,2015,2.15011930000000000000
19,Nuevo León,6207019020,Porcentaje sin escolaridad,2020,1.77959990531059000000
20,Oaxaca,1004000001,Derechohabientes,2000,778654.00000000000000000000
20,Oaxaca,1004000001,Derechohabientes,2005,788688.00000000000000000000
20,Oaxaca,1004000001,Derechohabientes,2010,2129000.00000000000000000000
20,Oaxaca,1004000001,Derechohabientes,2020,2904703.00000000000000000000
20,Oaxaca,1005000038,Promedio escolaridad,1995,
20,Oaxaca,1005000038,Promedio escolaridad,2000,5.60000000000000000000
20,Oaxaca,1005000038,Promedio escolaridad,2005,6.40000000000000000000
20,Oaxaca,1005000038,Promedio escolaridad,2010,6.94000000000000000000
20,Oaxaca,1005000038,Promedio escolaridad,2015,7.51576301956816000000
20,Oaxaca,1005000038,Promedio escolaridad,2020,8.11853599728597000000
20,Oaxaca,3108001001,Porcentaje analfabetismo,1910,85.50000000000000000000
20,Oaxaca,3108001001,Porcentaje analfabetismo,1921,81.90000000000000000000
20,Oaxaca,3108001001,Porcentaje analfabetismo,1930,83.80000000000000000000
20,Oaxaca,3108001001,Porcentaje analfabetismo,1940,78.10000000000000000000
20,Oaxaca,3108001001,Porcentaje analfabetismo,1950,63.00000000000000000000
20,Oaxaca,3108001001,Porcentaje analfabetismo,1960,58.00000000000000000000
20,Oaxaca,3108001001,Porcentaje analfabetismo,1970,45.70000000000000000000
20,Oaxaca,3108001001,Porcentaje analfabetismo,1980,35.90000000000000000000
20,Oaxaca,3108001001,Porcentaje analfabetismo,1990,27.50000000000000000000
20,Oaxaca,3108001001,Porcentaje analfabetismo,1995,23.10000000000000000000
20,Oaxaca,3108001001,Porcentaje analfabetismo,2000,21.50000000000000000000
20,Oaxaca,3108001001,Porcentaje analfabetismo,2005,19.30000000000000000000
20,Oaxaca,3108001001,Porcentaje analfabetismo,2010,16.27000000000000000000
20,Oaxaca,3108001001,Porcentaje analfabetismo,2015,13.30760619154460000000
20,Oaxaca,6200205239,Poblacion con educacion basica,2000,1341387.00000000000000000000
20,Oaxaca,6200205239,Poblacion con educacion basica,2010,1599084.00000000000000000000
20,Oaxaca,6200205241,Poblacion con bachillerato,1990,62579.00000000000000000000
20,Oaxaca,6200205241,Poblacion con bachillerato,2000,117428.00000000000000000000
20,Oaxaca,6200205241,Poblacion con bachillerato,2010,251453.00000000000000000000
20,Oaxaca,6200205242,Poblacion con estudios superiores,1990,43967.00000000000000000000
20,Oaxaca,6200205242,Poblacion con estudios superiores,2000,98412.00000000000000000000
20,Oaxaca,6200205242,Poblacion con estudios superiores,2010,208469.00000000000000000000
20,Oaxaca,6207019020,Porcentaje sin escolaridad,2015,11.84179600000000000000
20,Oaxaca,6207019020,Porcentaje sin escolaridad,2020,10.19865003733470000000
21,Puebla,1004000001,Derechohabientes,2000,1266386.00000000000000000000
21,Puebla,1004000001,Derechohabientes,2005,1831171.00000000000000000000
21,Puebla,1004000001,Derechohabientes,2010,2858894.00000000000000000000
21,Puebla,1004000001,Derechohabientes,2020,4650982.00000000000000000000
21,Puebla,1005000038,Promedio escolaridad,1995,
21,Puebla,1005000038,Promedio escolaridad,2000,6.70000000000000000000
21,Puebla,1005000038,Promedio escolaridad,2005,7.40000000000000000000
21,Puebla,1005000038,Promedio escolaridad,2010,7.95000000000000000000
21,Puebla,1005000038,Promedio escolaridad,2015,8.49385434412069000000
21,Puebla,1005000038,Promedio escolaridad,2020,9.16047208223702000000
21,Puebla,3108001001,Porcentaje analfabetismo,1910,77.60000000000000000000
21,Puebla,3108001001,Porcentaje analfabetismo,1921,72.90000000000000000000
21,Puebla,3108001001,Porcentaje analfabetismo,1930,72.10000000000000000000
21,Puebla,3108001001,Porcentaje analfabetismo,1940,64.70000000000000000000
21,Puebla,3108001001,Porcentaje analfabetismo,1950,55.10000000000000000000
21,Puebla,3108001001,Porcentaje analfabetismo,1960,47.80000000000000000000
21,Puebla,3108001001,Porcentaje analfabetismo,1970,36.40000000000000000000
21,Puebla,3108001001,Porcentaje analfabetismo,1980,26.80000000000000000000
21,Puebla,3108001001,Porcentaje analfabetismo,1990,19.20000000000000000000
21,Puebla,3108001001,Porcentaje analfabetismo,1995,16.30000000000000000000
21,Puebla,3108001001,Porcentaje analfabetismo,2000,14.60000000000000000000
21,Puebla,3108001001,Porcentaje analfabetismo,2005,12.70000000000000000000
21,Puebla,3108001001,Porcentaje analfabetismo,2010,10.38000000000000000000
21,Puebla,3108001001,Porcentaje analfabetismo,2015,8.31676746391996000000
21,Puebla,6200205239,Poblacion con educacion basica,2000,1969105.00000000000000000000
21,Puebla,6200205239,Poblacion con educacion basica,2010,2335417.00000000000000000000
21,Puebla,6200205241,Poblacion con bachillerato,1990,111188.00000000000000000000
21,Puebla,6200205241,Poblacion con bachillerato,2000,205559.00000000000000000000
21,Puebla,6200205241,Poblacion con bachillerato,2010,402468.00000000000000000000
21,Puebla,6200205242,Poblacion con estudios superiores,1990,116530.00000000000000000000
21,Puebla,6200205242,Poblacion con estudios superiores,2000,223198.00000000000000000000
21,Puebla,6200205242,Poblacion con estudios superiores,2010,450099.00000000000000000000
21,Puebla,6207019020,Porcentaje sin escolaridad,2015,7.92295600000000000000
21,Puebla,6207019020,Porcentaje sin escolaridad,2020,6.42806410719583000000
22,Querétaro,1004000001,Derechohabientes,2000,637813.00000000000000000000
22,Querétaro,1004000001,Derechohabientes,2005,808068.00000000000000000000
22,Querétaro,1004000001,Derechohabientes,2010,1351726.00000000000000000000
22,Querétaro,1004000001,Derechohabientes,2020,1873160.00000000000000000000
22,Querétaro,1005000038,Promedio escolaridad,1995,
22,Querétaro,1005000038,Promedio escolaridad,2000,7.60000000000000000000
22,Querétaro,1005000038,Promedio escolaridad,2005,8.30000000000000000000
22,Querétaro,1005000038,Promedio escolaridad,2010,8.92000000000000000000
22,Querétaro,1005000038,Promedio escolaridad,2015,9.55326026787634000000
22,Querétaro,1005000038,Promedio escolaridad,2020,10.48459902311610000000
22,Querétaro,3108001001,Porcentaje analfabetismo,1910,78.00000000000000000000
22,Querétaro,3108001001,Porcentaje analfabetismo,1921,81.40000000000000000000
22,Querétaro,3108001001,Porcentaje analfabetismo,1930,78.60000000000000000000
22,Querétaro,3108001001,Porcentaje analfabetismo,1940,73.40000000000000000000
22,Querétaro,3108001001,Porcentaje analfabetismo,1950,63.80000000000000000000
22,Querétaro,3108001001,Porcentaje analfabetismo,1960,54.10000000000000000000
22,Querétaro,3108001001,Porcentaje analfabetismo,1970,41.80000000000000000000
22,Querétaro,3108001001,Porcentaje analfabetismo,1980,26.10000000000000000000
22,Querétaro,3108001001,Porcentaje analfabetismo,1990,15.40000000000000000000
22,Querétaro,3108001001,Porcentaje analfabetismo,1995,11.90000000000000000000
22,Querétaro,3108001001,Porcentaje analfabetismo,2000,9.80000000000000000000
22,Querétaro,3108001001,Porcentaje analfabetismo,2005,8.10000000000000000000
22,Querétaro,3108001001,Porcentaje analfabetismo,2010,6.31000000000000000000
22,Querétaro,3108001001,Porcentaje analfabetismo,2015,4.53571775762054000000
22,Querétaro,6200205239,Poblacion con educacion basica,2000,536649.00000000000000000000
22,Querétaro,6200205239,Poblacion con educacion basica,2010,708103.00000000000000000000
22,Querétaro,6200205241,Poblacion con bachillerato,1990,31978.00000000000000000000
22,Querétaro,6200205241,Poblacion con bachillerato,2000,73967.00000000000000000000
22,Querétaro,6200205241,Poblacion con bachillerato,2010,151806.00000000000000000000
22,Querétaro,6200205242,Poblacion con estudios superiores,1990,34591.00000000000000000000
22,Querétaro,6200205242,Poblacion con estudios superiores,2000,79243.00000000000000000000
22,Querétaro,6200205242,Poblacion con estudios superiores,2010,195584.00000000000000000000
22,Querétaro,6207019020,Porcentaje sin escolaridad,2015,5.63150960000000000000
22,Querétaro,6207019020,Porcentaje sin escolaridad,2020,4.08181398958486000000
23,Quintana Roo,1004000001,Derechohabientes,2000,404334.00000000000000000000
23,Quintana Roo,1004000001,Derechohabientes,2005,522673.00000000000000000000
23,Quintana Roo,1004000001,Derechohabientes,2010,896408.00000000000000000000
23,Quintana Roo,1004000001,Derechohabientes,2020,1365328.00000000000000000000
23,Quintana Roo,1005000038,Promedio escolaridad,1995,
23,Quintana Roo,1005000038,Promedio escolaridad,2000,7.80000000000000000000
23,Quintana Roo,1005000038,Promedio escolaridad,2005,8.50000000000000000000
23,Quintana Roo,1005000038,Promedio escolaridad,2010,9.12000000000000000000
23,Quintana Roo,1005000038,Promedio escolaridad,2015,9.61503624357601000000
23,Quintana Roo,1005000038,Promedio escolaridad,2020,10.23928948877780000000
23,Quintana Roo,3108001001,Porcentaje analfabetismo,1910,57.30000000000000000000
23,Quintana Roo,3108001001,Porcentaje analfabetismo,1921,32.90000000000000000000
23,Quintana Roo,3108001001,Porcentaje analfabetismo,1930,50.60000000000000000000
23,Quintana Roo,3108001001,Porcentaje analfabetismo,1940,40.70000000000000000000
23,Quintana Roo,3108001001,Porcentaje analfabetismo,1950,37.10000000000000000000
23,Quintana Roo,3108001001,Porcentaje analfabetismo,1960,32.60000000000000000000
23,Quintana Roo,3108001001,Porcentaje analfabetismo,1970,26.10000000000000000000
23,Quintana Roo,3108001001,Porcentaje analfabetismo,1980,16.90000000000000000000
23,Quintana Roo,3108001001,Porcentaje analfabetismo,1990,12.30000000000000000000
23,Quintana Roo,3108001001,Porcentaje analfabetismo,1995,9.70000000000000000000
23,Quintana Roo,3108001001,Porcentaje analfabetismo,2000,7.50000000000000000000
23,Quintana Roo,3108001001,Porcentaje analfabetismo,2005,6.60000000000000000000
23,Quintana Roo,3108001001,Porcentaje analfabetismo,2010,4.77000000000000000000
23,Quintana Roo,3108001001,Porcentaje analfabetismo,2015,3.87161810136706000000
23,Quintana Roo,6200205239,Poblacion con educacion basica,2000,348992.00000000000000000000
23,Quintana Roo,6200205239,Poblacion con educacion basica,2010,506348.00000000000000000000
23,Quintana Roo,6200205241,Poblacion con bachillerato,1990,21102.00000000000000000000
23,Quintana Roo,6200205241,Poblacion con bachillerato,2000,67622.00000000000000000000
23,Quintana Roo,6200205241,Poblacion con bachillerato,2010,159820.00000000000000000000
23,Quintana Roo,6200205242,Poblacion con estudios superiores,1990,16815.00000000000000000000
23,Quintana Roo,6200205242,Poblacion con estudios superiores,2000,47603.00000000000000000000
23,Quintana Roo,6200205242,Poblacion con estudios superiores,2010,126262.00000000000000000000
23,Quintana Roo,6207019020,Porcentaje sin escolaridad,2015,4.48663380000000000000
23,Quintana Roo,6207019020,Porcentaje sin escolaridad,2020,3.59403666233438000000
24,San Luis Potosí,1004000001,Derechohabientes,2000,859833.00000000000000000000
24,San Luis Potosí,1004000001,Derechohabientes,2005,1204459.00000000000000000000
24,San Luis Potosí,1004000001,Derechohabientes,2010,1887156.00000000000000000000
24,San Luis Potosí,1004000001,Derechohabientes,2020,2327452.00000000000000000000
24,San Luis Potosí,1005000038,Promedio escolaridad,1995,
24,San Luis Potosí,1005000038,Promedio escolaridad,2000,6.90000000000000000000
24,San Luis Potosí,1005000038,Promedio escolaridad,2005,7.70000000000000000000
24,San Luis Potosí,1005000038,Promedio escolaridad,2010,8.26000000000000000000
24,San Luis Potosí,1005000038,Promedio escolaridad,2015,8.81999521036877000000
24,San Luis Potosí,1005000038,Promedio escolaridad,2020,9.61312740129257000000
24,San Luis Potosí,3108001001,Porcentaje analfabetismo,1910,76.00000000000000000000
24,San Luis Potosí,3108001001,Porcentaje analfabetismo,1921,79.50000000000000000000
24,San Luis Potosí,3108001001,Porcentaje analfabetismo,1930,71.80000000000000000000
24,San Luis Potosí,3108001001,Porcentaje analfabetismo,1940,62.60000000000000000000
24,San Luis Potosí,3108001001,Porcentaje analfabetismo,1950,51.30000000000000000000
24,San Luis Potosí,3108001001,Porcentaje analfabetismo,1960,43.60000000000000000000
24,San Luis Potosí,3108001001,Porcentaje analfabetismo,1970,32.10000000000000000000
24,San Luis Potosí,3108001001,Porcentaje analfabetismo,1980,21.60000000000000000000
24,San Luis Potosí,3108001001,Porcentaje analfabetismo,1990,15.00000000000000000000
24,San Luis Potosí,3108001001,Porcentaje analfabetismo,1995,13.20000000000000000000
24,San Luis Potosí,3108001001,Porcentaje analfabetismo,2000,11.30000000000000000000
24,San Luis Potosí,3108001001,Porcentaje analfabetismo,2005,9.90000000000000000000
24,San Luis Potosí,3108001001,Porcentaje analfabetismo,2010,7.91000000000000000000
24,San Luis Potosí,3108001001,Porcentaje analfabetismo,2015,6.28018527625369000000
24,San Luis Potosí,6200205239,Poblacion con educacion basica,2000,938303.00000000000000000000
24,San Luis Potosí,6200205239,Poblacion con educacion basica,2010,1059311.00000000000000000000
24,San Luis Potosí,6200205241,Poblacion con bachillerato,1990,52697.00000000000000000000
24,San Luis Potosí,6200205241,Poblacion con bachillerato,2000,91971.00000000000000000000
24,San Luis Potosí,6200205241,Poblacion con bachillerato,2010,187998.00000000000000000000
24,San Luis Potosí,6200205242,Poblacion con estudios superiores,1990,57093.00000000000000000000
24,San Luis Potosí,6200205242,Poblacion con estudios superiores,2000,104697.00000000000000000000
24,San Luis Potosí,6200205242,Poblacion con estudios superiores,2010,213613.00000000000000000000
24,San Luis Potosí,6207019020,Porcentaje sin escolaridad,2015,6.49450430000000000000
24,San Luis Potosí,6207019020,Porcentaje sin escolaridad,2020,5.00798758283088000000
25,Sinaloa,1004000001,Derechohabientes,2000,1345548.00000000000000000000
25,Sinaloa,1004000001,Derechohabientes,2005,1656214.00000000000000000000
25,Sinaloa,1004000001,Derechohabientes,2010,2074048.00000000000000000000
25,Sinaloa,1004000001,Derechohabientes,2020,2447515.00000000000000000000
25,Sinaloa,1005000038,Promedio escolaridad,1995,
25,Sinaloa,1005000038,Promedio escolaridad,2000,7.60000000000000000000
25,Sinaloa,1005000038,Promedio escolaridad,2005,8.50000000000000000000
25,Sinaloa,1005000038,Promedio escolaridad,2010,9.08000000000000000000
25,Sinaloa,1005000038,Promedio escolaridad,2015,9.58132525939067000000
25,Sinaloa,1005000038,Promedio escolaridad,2020,10.22350842109570000000
25,Sinaloa,3108001001,Porcentaje analfabetismo,1910,68.80000000000000000000
25,Sinaloa,3108001001,Porcentaje analfabetismo,1921,62.90000000000000000000
25,Sinaloa,3108001001,Porcentaje analfabetismo,1930,60.40000000000000000000
25,Sinaloa,3108001001,Porcentaje analfabetismo,1940,49.70000000000000000000
25,Sinaloa,3108001001,Porcentaje analfabetismo,1950,41.80000000000000000000
25,Sinaloa,3108001001,Porcentaje analfabetismo,1960,31.10000000000000000000
25,Sinaloa,3108001001,Porcentaje analfabetismo,1970,24.40000000000000000000
25,Sinaloa,3108001001,Porcentaje analfabetismo,1980,13.90000000000000000000
25,Sinaloa,3108001001,Porcentaje analfabetismo,1990,9.90000000000000000000
25,Sinaloa,3108001001,Porcentaje analfabetismo,1995,8.30000000000000000000
25,Sinaloa,3108001001,Porcentaje analfabetismo,2000,8.00000000000000000000
25,Sinaloa,3108001001,Porcentaje analfabetismo,2005,6.40000000000000000000
25,Sinaloa,3108001001,Porcentaje analfabetismo,2010,4.97000000000000000000
25,Sinaloa,3108001001,Porcentaje analfabetismo,2015,4.15694135121915000000
25,Sinaloa,6200205239,Poblacion con educacion basica,2000,981236.00000000000000000000
25,Sinaloa,6200205239,Poblacion con educacion basica,2010,1027133.00000000000000000000
25,Sinaloa,6200205241,Poblacion con bachillerato,1990,107595.00000000000000000000
25,Sinaloa,6200205241,Poblacion con bachillerato,2000,175924.00000000000000000000
25,Sinaloa,6200205241,Poblacion con bachillerato,2010,297090.00000000000000000000
25,Sinaloa,6200205242,Poblacion con estudios superiores,1990,88780.00000000000000000000
25,Sinaloa,6200205242,Poblacion con estudios superiores,2000,159554.00000000000000000000
25,Sinaloa,6200205242,Poblacion con estudios superiores,2010,315477.00000000000000000000
25,Sinaloa,6207019020,Porcentaje sin escolaridad,2015,4.70821290000000000000
25,Sinaloa,6207019020,Porcentaje sin escolaridad,2020,3.81471006851306000000
26,Sonora,1004000001,Derechohabientes,2000,1250610.00000000000000000000
26,Sonora,1004000001,Derechohabientes,2005,1595337.00000000000000000000
26,Sonora,1004000001,Derechohabientes,2010,1970349.00000000000000000000
26,Sonora,1004000001,Derechohabientes,2020,2391479.00000000000000000000
26,Sonora,1005000038,Promedio escolaridad,1995,
26,Sonora,1005000038,Promedio escolaridad,2000,8.20000000000000000000
26,Sonora,1005000038,Promedio escolaridad,2005,8.90000000000000000000
26,Sonora,1005000038,Promedio escolaridad,2010,9.42000000000000000000
26,Sonora,1005000038,Promedio escolaridad,2015,10.00142936548170000000
26,Sonora,1005000038,Promedio escolaridad,2020,10.40319691769120000000
26,Sonora,3108001001,Porcentaje analfabetismo,1910,53.10000000000000000000
26,Sonora,3108001001,Porcentaje analfabetismo,1921,45.50000000000000000000
26,Sonora,3108001001,Porcentaje analfabetismo,1930,43.90000000000000000000
26,Sonora,3108001001,Porcentaje analfabetismo,1940,33.10000000000000000000
26,Sonora,3108001001,Porcentaje analfabetismo,1950,27.20000000000000000000
26,Sonora,3108001001,Porcentaje analfabetismo,1960,19.70000000000000000000
26,Sonora,3108001001,Porcentaje analfabetismo,1970,14.80000000000000000000
26,Sonora,3108001001,Porcentaje analfabetismo,1980,8.50000000000000000000
26,Sonora,3108001001,Porcentaje analfabetismo,1990,5.60000000000000000000
26,Sonora,3108001001,Porcentaje analfabetismo,1995,4.90000000000000000000
26,Sonora,3108001001,Porcentaje analfabetismo,2000,4.40000000000000000000
26,Sonora,3108001001,Porcentaje analfabetismo,2005,3.70000000000000000000
26,Sonora,3108001001,Porcentaje analfabetismo,2010,3.04000000000000000000
26,Sonora,3108001001,Porcentaje analfabetismo,2015,2.16904389627038000000
26,Sonora,6200205239,Poblacion con educacion basica,2000,909292.00000000000000000000
26,Sonora,6200205239,Poblacion con educacion basica,2010,1018180.00000000000000000000
26,Sonora,6200205241,Poblacion con bachillerato,1990,97141.00000000000000000000
26,Sonora,6200205241,Poblacion con bachillerato,2000,163073.00000000000000000000
26,Sonora,6200205241,Poblacion con bachillerato,2010,280333.00000000000000000000
26,Sonora,6200205242,Poblacion con estudios superiores,1990,73701.00000000000000000000
26,Sonora,6200205242,Poblacion con estudios superiores,2000,140828.00000000000000000000
26,Sonora,6200205242,Poblacion con estudios superiores,2010,279500.00000000000000000000
26,Sonora,6207019020,Porcentaje sin escolaridad,2015,2.71848990000000000000
26,Sonora,6207019020,Porcentaje sin escolaridad,2020,2.30792672481413000000
27,Tabasco,1004000001,Derechohabientes,2000,555359.00000000000000000000
27,Tabasco,1004000001,Derechohabientes,2005,1310978.00000000000000000000
27,Tabasco,1004000001,Derechohabientes,2010,1645246.00000000000000000000
27,Tabasco,1004000001,Derechohabientes,2020,1645089.00000000000000000000
27,Tabasco,1005000038,Promedio escolaridad,1995,
27,Tabasco,1005000038,Promedio escolaridad,2000,7.20000000000000000000
27,Tabasco,1005000038,Promedio escolaridad,2005,8.00000000000000000000
27,Tabasco,1005000038,Promedio escolaridad,2010,8.64000000000000000000
27,Tabasco,1005000038,Promedio escolaridad,2015,9.31176893327734000000
27,Tabasco,1005000038,Promedio escolaridad,2020,9.69339567490985000000
27,Tabasco,3108001001,Porcentaje analfabetismo,1910,74.00000000000000000000
27,Tabasco,3108001001,Porcentaje analfabetismo,1921,73.50000000000000000000
27,Tabasco,3108001001,Porcentaje analfabetismo,1930,70.50000000000000000000
27,Tabasco,3108001001,Porcentaje analfabetismo,1940,62.00000000000000000000
27,Tabasco,3108001001,Porcentaje analfabetismo,1950,42.30000000000000000000
27,Tabasco,3108001001,Porcentaje analfabetismo,1960,33.60000000000000000000
27,Tabasco,3108001001,Porcentaje analfabetismo,1970,25.70000000000000000000
27,Tabasco,3108001001,Porcentaje analfabetismo,1980,18.00000000000000000000
27,Tabasco,3108001001,Porcentaje analfabetismo,1990,12.70000000000000000000
27,Tabasco,3108001001,Porcentaje analfabetismo,1995,11.00000000000000000000
27,Tabasco,3108001001,Porcentaje analfabetismo,2000,9.70000000000000000000
27,Tabasco,3108001001,Porcentaje analfabetismo,2005,8.60000000000000000000
27,Tabasco,3108001001,Porcentaje analfabetismo,2010,7.06000000000000000000
27,Tabasco,3108001001,Porcentaje analfabetismo,2015,5.35658213441503000000
27,Tabasco,6200205239,Poblacion con educacion basica,2000,792805.00000000000000000000
27,Tabasco,6200205239,Poblacion con educacion basica,2010,892627.00000000000000000000
27,Tabasco,6200205241,Poblacion con bachillerato,1990,48502.00000000000000000000
27,Tabasco,6200205241,Poblacion con bachillerato,2000,108224.00000000000000000000
27,Tabasco,6200205241,Poblacion con bachillerato,2010,222840.00000000000000000000
27,Tabasco,6200205242,Poblacion con estudios superiores,1990,40542.00000000000000000000
27,Tabasco,6200205242,Poblacion con estudios superiores,2000,87567.00000000000000000000
27,Tabasco,6200205242,Poblacion con estudios superiores,2010,191916.00000000000000000000
27,Tabasco,6207019020,Porcentaje sin escolaridad,2015,4.84045880000000000000
27,Tabasco,6207019020,Porcentaje sin escolaridad,2020,4.52339669204486000000
28,Tamaulipas,1004000001,Derechohabientes,2000,1409261.00000000000000000000
28,Tamaulipas,1004000001,Derechohabientes,2005,1958143.00000000000000000000
28,Tamaulipas,1004000001,Derechohabientes,2010,2397748.00000000000000000000
28,Tamaulipas,1004000001,Derechohabientes,2020,2803407.00000000000000000000
28,Tamaulipas,1005000038,Promedio escolaridad,1995,
28,Tamaulipas,1005000038,Promedio escolaridad,2000,8.00000000000000000000
28,Tamaulipas,1005000038,Promedio escolaridad,2005,8.70000000000000000000
28,Tamaulipas,1005000038,Promedio escolaridad,2010,9.12000000000000000000
28,Tamaulipas,1005000038,Promedio escolaridad,2015,9.50851208682107000000
28,Tamaulipas,1005000038,Promedio escolaridad,2020,10.09220878412230000000
28,Tamaulipas,3108001001,Porcentaje analfabetismo,1910,60.30000000000000000000
28,Tamaulipas,3108001001,Porcentaje analfabetismo,1921,42.80000000000000000000
28,Tamaulipas,3108001001,Porcentaje analfabetismo,1930,44.40000000000000000000
28,Tamaulipas,3108001001,Porcentaje analfabetismo,1940,32.60000000000000000000
28,Tamaulipas,3108001001,Porcentaje analfabetismo,1950,25.80000000000000000000
28,Tamaulipas,3108001001,Porcentaje analfabetismo,1960,19.90000000000000000000
28,Tamaulipas,3108001001,Porcentaje analfabetismo,1970,15.70000000000000000000
28,Tamaulipas,3108001001,Porcentaje analfabetismo,1980,9.70000000000000000000
28,Tamaulipas,3108001001,Porcentaje analfabetismo,1990,6.90000000000000000000
28,Tamaulipas,3108001001,Porcentaje analfabetismo,1995,6.00000000000000000000
28,Tamaulipas,3108001001,Porcentaje analfabetismo,2000,5.10000000000000000000
28,Tamaulipas,3108001001,Porcentaje analfabetismo,2005,4.50000000000000000000
28,Tamaulipas,3108001001,Porcentaje analfabetismo,2010,3.61000000000000000000
28,Tamaulipas,3108001001,Porcentaje analfabetismo,2015,3.00463651565029000000
28,Tamaulipas,6200205239,Poblacion con educacion basica,2000,1146684.00000000000000000000
28,Tamaulipas,6200205239,Poblacion con educacion basica,2010,1247121.00000000000000000000
28,Tamaulipas,6200205241,Poblacion con bachillerato,1990,98901.00000000000000000000
28,Tamaulipas,6200205241,Poblacion con bachillerato,2000,194798.00000000000000000000
28,Tamaulipas,6200205241,Poblacion con bachillerato,2010,330825.00000000000000000000
28,Tamaulipas,6200205242,Poblacion con estudios superiores,1990,99744.00000000000000000000
28,Tamaulipas,6200205242,Poblacion con estudios superiores,2000,189793.00000000000000000000
28,Tamaulipas,6200205242,Poblacion con estudios superiores,2010,332134.00000000000000000000
28,Tamaulipas,6207019020,Porcentaje sin escolaridad,2015,3.71717130000000000000
28,Tamaulipas,6207019020,Porcentaje sin escolaridad,2020,3.07057720981051000000
29,Tlaxcala,1004000001,Derechohabientes,2000,287095.00000000000000000000
29,Tlaxcala,1004000001,Derechohabientes,2005,373001.00000000000000000000
29,Tlaxcala,1004000001,Derechohabientes,2010,720545.00000000000000000000
29,Tlaxcala,1004000001,Derechohabientes,2020,964599.00000000000000000000
29,Tlaxcala,1005000038,Promedio escolaridad,1995,
29,Tlaxcala,1005000038,Promedio escolaridad,2000,7.60000000000000000000
29,Tlaxcala,1005000038,Promedio escolaridad,2005,8.30000000000000000000
29,Tlaxcala,1005000038,Promedio escolaridad,2010,8.78000000000000000000
29,Tlaxcala,1005000038,Promedio escolaridad,2015,9.27411156289314000000
29,Tlaxcala,1005000038,Promedio escolaridad,2020,9.83316962187281000000
29,Tlaxcala,3108001001,Porcentaje analfabetismo,1910,67.20000000000000000000
29,Tlaxcala,3108001001,Porcentaje analfabetismo,1921,69.10000000000000000000
29,Tlaxcala,3108001001,Porcentaje analfabetismo,1930,65.30000000000000000000
29,Tlaxcala,3108001001,Porcentaje analfabetismo,1940,56.00000000000000000000
29,Tlaxcala,3108001001,Porcentaje analfabetismo,1950,45.00000000000000000000
29,Tlaxcala,3108001001,Porcentaje analfabetismo,1960,37.80000000000000000000
29,Tlaxcala,3108001001,Porcentaje analfabetismo,1970,27.10000000000000000000
29,Tlaxcala,3108001001,Porcentaje analfabetismo,1980,16.80000000000000000000
29,Tlaxcala,3108001001,Porcentaje analfabetismo,1990,11.10000000000000000000
29,Tlaxcala,3108001001,Porcentaje analfabetismo,1995,8.80000000000000000000
29,Tlaxcala,3108001001,Porcentaje analfabetismo,2000,7.80000000000000000000
29,Tlaxcala,3108001001,Porcentaje analfabetismo,2005,6.70000000000000000000
29,Tlaxcala,3108001001,Porcentaje analfabetismo,2010,5.19000000000000000000
29,Tlaxcala,3108001001,Porcentaje analfabetismo,2015,3.94859558387132000000
29,Tlaxcala,6200205239,Poblacion con educacion basica,2000,408790.00000000000000000000
29,Tlaxcala,6200205239,Poblacion con educacion basica,2010,487736.00000000000000000000
29,Tlaxcala,6200205241,Poblacion con bachillerato,1990,28300.00000000000000000000
29,Tlaxcala,6200205241,Poblacion con bachillerato,2000,54481.00000000000000000000
29,Tlaxcala,6200205241,Poblacion con bachillerato,2010,102983.00000000000000000000
29,Tlaxcala,6200205242,Poblacion con estudios superiores,1990,18655.00000000000000000000
29,Tlaxcala,6200205242,Poblacion con estudios superiores,2000,43624.00000000000000000000
29,Tlaxcala,6200205242,Poblacion con estudios superiores,2010,94736.00000000000000000000
29,Tlaxcala,6207019020,Porcentaje sin escolaridad,2015,4.12730640000000000000
29,Tlaxcala,6207019020,Porcentaje sin escolaridad,2020,3.32489508651769000000
30,Veracruz,1004000001,Derechohabientes,2000,2120484.00000000000000000000
30,Veracruz,1004000001,Derechohabientes,2005,2815293.00000000000000000000
30,Veracruz,1004000001,Derechohabientes,2010,4484837.00000000000000000000
30,Veracruz,1004000001,Derechohabientes,2020,5825533.00000000000000000000
30,Veracruz,1005000038,Promedio escolaridad,1995,
30,Veracruz,1005000038,Promedio escolaridad,2000,6.40000000000000000000
30,Veracruz,1005000038,Promedio escolaridad,2005,7.20000000000000000000
30,Veracruz,1005000038,Promedio escolaridad,2010,7.67000000000000000000
30,Veracruz,1005000038,Promedio escolaridad,2015,8.20343794803589000000
30,Veracruz,1005000038,Promedio escolaridad,2020,8.74562905823893000000
30,Veracruz,3108001001,Porcentaje analfabetismo,1910,75.10000000000000000000
30,Veracruz,3108001001,Porcentaje analfabetismo,1921,68.30000000000000000000
30,Veracruz,3108001001,Porcentaje analfabetismo,1930,68.70000000000000000000
30,Veracruz,3108001001,Porcentaje analfabetismo,1940,60.60000000000000000000
30,Veracruz,3108001001,Porcentaje analfabetismo,1950,51.10000000000000000000
30,Veracruz,3108001001,Porcentaje analfabetismo,1960,42.70000000000000000000
30,Veracruz,3108001001,Porcentaje analfabetismo,1970,32.10000000000000000000
30,Veracruz,3108001001,Porcentaje analfabetismo,1980,23.40000000000000000000
30,Veracruz,3108001001,Porcentaje analfabetismo,1990,18.30000000000000000000
30,Veracruz,3108001001,Porcentaje analfabetismo,1995,16.40000000000000000000
30,Veracruz,3108001001,Porcentaje analfabetismo,2000,14.90000000000000000000
30,Veracruz,3108001001,Porcentaje analfabetismo,2005,13.40000000000000000000
30,Veracruz,3108001001,Porcentaje analfabetismo,2010,11.44000000000000000000
30,Veracruz,3108001001,Porcentaje analfabetismo,2015,9.44245203322419000000
30,Veracruz,6200205239,Poblacion con educacion basica,2000,2817453.00000000000000000000
30,Veracruz,6200205239,Poblacion con educacion basica,2010,3152975.00000000000000000000
30,Veracruz,6200205241,Poblacion con bachillerato,1990,215998.00000000000000000000
30,Veracruz,6200205241,Poblacion con bachillerato,2000,349673.00000000000000000000
30,Veracruz,6200205241,Poblacion con bachillerato,2010,654188.00000000000000000000
30,Veracruz,6200205242,Poblacion con estudios superiores,1990,170821.00000000000000000000
30,Veracruz,6200205242,Poblacion con estudios superiores,2000,310812.00000000000000000000
30,Veracruz,6200205242,Poblacion con estudios superiores,2010,610339.00000000000000000000
30,Veracruz,6207019020,Porcentaje sin escolaridad,2015,9.20802700000000000000
30,Veracruz,6207019020,Porcentaje sin escolaridad,2020,8.21846621776962000000
31,Yucatán,1004000001,Derechohabientes,2000,747250.00000000000000000000
31,Yucatán,1004000001,Derechohabientes,2005,961210.00000000000000000000
31,Yucatán,1004000001,Derechohabientes,2010,1464077.00000000000000000000
31,Yucatán,1004000001,Derechohabientes,2020,1810121.00000000000000000000
31,Yucatán,1005000038,Promedio escolaridad,1995,
31,Yucatán,1005000038,Promedio escolaridad,2000,6.80000000000000000000
31,Yucatán,1005000038,Promedio escolaridad,2005,7.60000000000000000000
31,Yucatán,1005000038,Promedio escolaridad,2010,8.22000000000000000000
31,Yucatán,1005000038,Promedio escolaridad,2015,8.82107732936428000000
31,Yucatán,1005000038,Promedio escolaridad,2020,9.59471829566621000000
31,Yucatán,3108001001,Porcentaje analfabetismo,1910,69.40000000000000000000
31,Yucatán,3108001001,Porcentaje analfabetismo,1921,57.40000000000000000000
31,Yucatán,3108001001,Porcentaje analfabetismo,1930,55.70000000000000000000
31,Yucatán,3108001001,Porcentaje analfabetismo,1940,43.90000000000000000000
31,Yucatán,3108001001,Porcentaje analfabetismo,1950,35.90000000000000000000
31,Yucatán,3108001001,Porcentaje analfabetismo,1960,31.30000000000000000000
31,Yucatán,3108001001,Porcentaje analfabetismo,1970,27.70000000000000000000
31,Yucatán,3108001001,Porcentaje analfabetismo,1980,19.00000000000000000000
31,Yucatán,3108001001,Porcentaje analfabetismo,1990,15.90000000000000000000
31,Yucatán,3108001001,Porcentaje analfabetismo,1995,15.00000000000000000000
31,Yucatán,3108001001,Porcentaje analfabetismo,2000,12.30000000000000000000
31,Yucatán,3108001001,Porcentaje analfabetismo,2005,10.90000000000000000000
31,Yucatán,3108001001,Porcentaje analfabetismo,2010,9.23000000000000000000
31,Yucatán,3108001001,Porcentaje analfabetismo,2015,7.41280706280645000000
31,Yucatán,6200205239,Poblacion con educacion basica,2000,703715.00000000000000000000
31,Yucatán,6200205239,Poblacion con educacion basica,2010,825016.00000000000000000000
31,Yucatán,6200205241,Poblacion con bachillerato,1990,43198.00000000000000000000
31,Yucatán,6200205241,Poblacion con bachillerato,2000,81136.00000000000000000000
31,Yucatán,6200205241,Poblacion con bachillerato,2010,161246.00000000000000000000
31,Yucatán,6200205242,Poblacion con estudios superiores,1990,38931.00000000000000000000
31,Yucatán,6200205242,Poblacion con estudios superiores,2000,77613.00000000000000000000
31,Yucatán,6200205242,Poblacion con estudios superiores,2010,173757.00000000000000000000
31,Yucatán,6207019020,Porcentaje sin escolaridad,2015,6.66500240000000000000
31,Yucatán,6207019020,Porcentaje sin escolaridad,2020,5.29329717295537000000
32,Zacatecas,1004000001,Derechohabientes,2000,438329.00000000000000000000
32,Zacatecas,1004000001,Derechohabientes,2005,577422.00000000000000000000
32,Zacatecas,1004000001,Derechohabientes,2010,1020487.00000000000000000000
32,Zacatecas,1004000001,Derechohabientes,2020,1293059.00000000000000000000
32,Zacatecas,1005000038,Promedio escolaridad,1995,
32,Zacatecas,1005000038,Promedio escolaridad,2000,6.50000000000000000000
32,Zacatecas,1005000038,Promedio escolaridad,2005,7.20000000000000000000
32,Zacatecas,1005000038,Promedio escolaridad,2010,7.90000000000000000000
32,Zacatecas,1005000038,Promedio escolaridad,2015,8.62959903171634000000
32,Zacatecas,1005000038,Promedio escolaridad,2020,9.24556342669432000000
32,Zacatecas,3108001001,Porcentaje analfabetismo,1910,71.90000000000000000000
32,Zacatecas,3108001001,Porcentaje analfabetismo,1921,68.60000000000000000000
32,Zacatecas,3108001001,Porcentaje analfabetismo,1930,63.00000000000000000000
32,Zacatecas,3108001001,Porcentaje analfabetismo,1940,52.40000000000000000000
32,Zacatecas,3108001001,Porcentaje analfabetismo,1950,40.90000000000000000000
32,Zacatecas,3108001001,Porcentaje analfabetismo,1960,30.90000000000000000000
32,Zacatecas,3108001001,Porcentaje analfabetismo,1970,20.90000000000000000000
32,Zacatecas,3108001001,Porcentaje analfabetismo,1980,14.90000000000000000000
32,Zacatecas,3108001001,Porcentaje analfabetismo,1990,9.90000000000000000000
32,Zacatecas,3108001001,Porcentaje analfabetismo,1995,9.00000000000000000000
32,Zacatecas,3108001001,Porcentaje analfabetismo,2000,8.00000000000000000000
32,Zacatecas,3108001001,Porcentaje analfabetismo,2005,7.20000000000000000000
32,Zacatecas,3108001001,Porcentaje analfabetismo,2010,5.55000000000000000000
32,Zacatecas,3108001001,Porcentaje analfabetismo,2015,4.38764677699604000000
32,Zacatecas,6200205239,Poblacion con educacion basica,2000,617071.00000000000000000000
32,Zacatecas,6200205239,Poblacion con educacion basica,2010,687233.00000000000000000000
32,Zacatecas,6200205241,Poblacion con bachillerato,1990,24214.00000000000000000000
32,Zacatecas,6200205241,Poblacion con bachillerato,2000,43715.00000000000000000000
32,Zacatecas,6200205241,Poblacion con bachillerato,2010,89648.00000000000000000000
32,Zacatecas,6200205242,Poblacion con estudios superiores,1990,24384.00000000000000000000
32,Zacatecas,6200205242,Poblacion con estudios superiores,2000,49138.00000000000000000000
32,Zacatecas,6200205242,Poblacion con estudios superiores,2010,98050.00000000000000000000
32,Zacatecas,6207019020,Porcentaje sin escolaridad,2015,4.92437210000000000000
32,Zacatecas,6207019020,Porcentaje sin escolaridad,2020,3.93774817559726000000
