State ID,State,Quarter ID,Quarter,Workforce
1,Aguascalientes,20101,2010-Q1,483288
1,Aguascalientes,20102,2010-Q2,502204
1,Aguascalientes,20103,2010-Q3,504363
1,Aguascalientes,20104,2010-Q4,491955
1,Aguascalientes,20111,2011-Q1,485158
1,Aguascalientes,20112,2011-Q2,490664
1,Aguascalientes,20113,2011-Q3,502177
1,Aguascalientes,20114,2011-Q4,515998
1,Aguascalientes,20121,2012-Q1,498403
1,Aguascalientes,20122,2012-Q2,520382
1,Aguascalientes,20123,2012-Q3,522347
1,Aguascalientes,20124,2012-Q4,520994
1,Aguascalientes,20131,2013-Q1,515865
1,Aguascalientes,20132,2013-Q2,524553
1,Aguascalientes,20133,2013-Q3,529329
1,Aguascalientes,20134,2013-Q4,539578
1,Aguascalientes,20141,2014-Q1,527149
1,Aguascalientes,20142,2014-Q2,534202
1,Aguascalientes,20143,2014-Q3,541276
1,Aguascalientes,20144,2014-Q4,536639
1,Aguascalientes,20151,2015-Q1,530762
1,Aguascalientes,20152,2015-Q2,541469
1,Aguascalientes,20153,2015-Q3,551461
1,Aguascalientes,20154,2015-Q4,548262
1,Aguascalientes,20161,2016-Q1,551850
1,Aguascalientes,20162,2016-Q2,567279
1,Aguascalientes,20163,2016-Q3,572853
1,Aguascalientes,20164,2016-Q4,566914
1,Aguascalientes,20171,2017-Q1,560467
1,Aguascalientes,20172,2017-Q2,574193
1,Aguascalientes,20173,2017-Q3,562451
1,Aguascalientes,20174,2017-Q4,568031
1,Aguascalientes,20181,2018-Q1,569490
1,Aguascalientes,20182,2018-Q2,580554
1,Aguascalientes,20183,2018-Q3,583471
1,Aguascalientes,20184,2018-Q4,584160
1,Aguascalientes,20191,2019-Q1,581661
1,Aguascalientes,20192,2019-Q2,588764
1,Aguascalientes,20193,2019-Q3,581680
1,Aguascalientes,20194,2019-Q4,605419
1,Aguascalientes,20201,2020-Q1,603802
1,Aguascalientes,20203,2020-Q3,585389
1,Aguascalientes,20204,2020-Q4,591245
1,Aguascalientes,20211,2021-Q1,618289
1,Aguascalientes,20212,2021-Q2,631864
1,Aguascalientes,20213,2021-Q3,650144
1,Aguascalientes,20214,2021-Q4,659568
1,Aguascalientes,20221,2022-Q1,647529
1,Aguascalientes,20222,2022-Q2,650364
1,Aguascalientes,20223,2022-Q3,665746
1,Aguascalientes,20224,2022-Q4,663401
1,Aguascalientes,20231,2023-Q1,666772
1,Aguascalientes,20232,2023-Q2,658669
1,Aguascalientes,20233,2023-Q3,687862
1,Aguascalientes,20234,2023-Q4,662357
1,Aguascalientes,20241,2024-Q1,684581
1,Aguascalientes,20242,2024-Q2,675850
1,Aguascalientes,20243,2024-Q3,689518
1,Aguascalientes,20244,2024-Q4,678487
1,Aguascalientes,20251,2025-Q1,683487
2,Baja California,20101,2010-Q1,1395334
2,Baja California,20102,2010-Q2,1401569
2,Baja California,20103,2010-Q3,1382754
2,Baja California,20104,2010-Q4,1411439
2,Baja California,20111,2011-Q1,1400637
2,Baja California,20112,2011-Q2,1434978
2,Baja California,20113,2011-Q3,1439691
2,Baja California,20114,2011-Q4,1507177
2,Baja California,20121,2012-Q1,1445442
2,Baja California,20122,2012-Q2,1527672
2,Baja California,20123,2012-Q3,1523252
2,Baja California,20124,2012-Q4,1512675
2,Baja California,20131,2013-Q1,1482792
2,Baja California,20132,2013-Q2,1571599
2,Baja California,20133,2013-Q3,1549395
2,Baja California,20134,2013-Q4,1555422
2,Baja California,20141,2014-Q1,1538237
2,Baja California,20142,2014-Q2,1570158
2,Baja California,20143,2014-Q3,1557099
2,Baja California,20144,2014-Q4,1571047
2,Baja California,20151,2015-Q1,1562464
2,Baja California,20152,2015-Q2,1575652
2,Baja California,20153,2015-Q3,1574118
2,Baja California,20154,2015-Q4,1597427
2,Baja California,20161,2016-Q1,1576842
2,Baja California,20162,2016-Q2,1595592
2,Baja California,20163,2016-Q3,1637164
2,Baja California,20164,2016-Q4,1636376
2,Baja California,20171,2017-Q1,1616851
2,Baja California,20172,2017-Q2,1684210
2,Baja California,20173,2017-Q3,1680359
2,Baja California,20174,2017-Q4,1677618
2,Baja California,20181,2018-Q1,1684414
2,Baja California,20182,2018-Q2,1725122
2,Baja California,20183,2018-Q3,1725713
2,Baja California,20184,2018-Q4,1741615
2,Baja California,20191,2019-Q1,1729489
2,Baja California,20192,2019-Q2,1759204
2,Baja California,20193,2019-Q3,1773973
2,Baja California,20194,2019-Q4,1766564
2,Baja California,20201,2020-Q1,1726324
2,Baja California,20203,2020-Q3,1654638
2,Baja California,20204,2020-Q4,1705014
2,Baja California,20211,2021-Q1,1731982
2,Baja California,20212,2021-Q2,1808741
2,Baja California,20213,2021-Q3,1813625
2,Baja California,20214,2021-Q4,1827448
2,Baja California,20221,2022-Q1,1804722
2,Baja California,20222,2022-Q2,1852949
2,Baja California,20223,2022-Q3,1830056
2,Baja California,20224,2022-Q4,1848093
2,Baja California,20231,2023-Q1,1823719
2,Baja California,20232,2023-Q2,1846385
2,Baja California,20233,2023-Q3,1857281
2,Baja California,20234,2023-Q4,1856957
2,Baja California,20241,2024-Q1,1818443
2,Baja California,20242,2024-Q2,1845191
2,Baja California,20243,2024-Q3,1822187
2,Baja California,20244,2024-Q4,1815785
2,Baja California,20251,2025-Q1,1800869
3,Baja California Sur,20101,2010-Q1,299399
3,Baja California Sur,20102,2010-Q2,306137
3,Baja California Sur,20103,2010-Q3,308743
3,Baja California Sur,20104,2010-Q4,308752
3,Baja California Sur,20111,2011-Q1,310927
3,Baja California Sur,20112,2011-Q2,315510
3,Baja California Sur,20113,2011-Q3,327461
3,Baja California Sur,20114,2011-Q4,338791
3,Baja California Sur,20121,2012-Q1,336884
3,Baja California Sur,20122,2012-Q2,335490
3,Baja California Sur,20123,2012-Q3,340774
3,Baja California Sur,20124,2012-Q4,343753
3,Baja California Sur,20131,2013-Q1,340703
3,Baja California Sur,20132,2013-Q2,355033
3,Baja California Sur,20133,2013-Q3,354055
3,Baja California Sur,20134,2013-Q4,355413
3,Baja California Sur,20141,2014-Q1,361197
3,Baja California Sur,20142,2014-Q2,360118
3,Baja California Sur,20143,2014-Q3,366060
3,Baja California Sur,20144,2014-Q4,368237
3,Baja California Sur,20151,2015-Q1,373016
3,Baja California Sur,20152,2015-Q2,373730
3,Baja California Sur,20153,2015-Q3,378423
3,Baja California Sur,20154,2015-Q4,375914
3,Baja California Sur,20161,2016-Q1,376290
3,Baja California Sur,20162,2016-Q2,377394
3,Baja California Sur,20163,2016-Q3,382068
3,Baja California Sur,20164,2016-Q4,394690
3,Baja California Sur,20171,2017-Q1,396512
3,Baja California Sur,20172,2017-Q2,395482
3,Baja California Sur,20173,2017-Q3,396701
3,Baja California Sur,20174,2017-Q4,402255
3,Baja California Sur,20181,2018-Q1,405285
3,Baja California Sur,20182,2018-Q2,415960
3,Baja California Sur,20183,2018-Q3,415357
3,Baja California Sur,20184,2018-Q4,425517
3,Baja California Sur,20191,2019-Q1,431736
3,Baja California Sur,20192,2019-Q2,439382
3,Baja California Sur,20193,2019-Q3,459402
3,Baja California Sur,20194,2019-Q4,453332
3,Baja California Sur,20201,2020-Q1,451947
3,Baja California Sur,20203,2020-Q3,400324
3,Baja California Sur,20204,2020-Q4,424557
3,Baja California Sur,20211,2021-Q1,403452
3,Baja California Sur,20212,2021-Q2,426715
3,Baja California Sur,20213,2021-Q3,424389
3,Baja California Sur,20214,2021-Q4,428748
3,Baja California Sur,20221,2022-Q1,433220
3,Baja California Sur,20222,2022-Q2,442159
3,Baja California Sur,20223,2022-Q3,440461
3,Baja California Sur,20224,2022-Q4,444018
3,Baja California Sur,20231,2023-Q1,447241
3,Baja California Sur,20232,2023-Q2,468916
3,Baja California Sur,20233,2023-Q3,475463
3,Baja California Sur,20234,2023-Q4,470146
3,Baja California Sur,20241,2024-Q1,460785
3,Baja California Sur,20242,2024-Q2,467275
3,Baja California Sur,20243,2024-Q3,480901
3,Baja California Sur,20244,2024-Q4,464349
3,Baja California Sur,20251,2025-Q1,463281
4,Campeche,20101,2010-Q1,363725
4,Campeche,20102,2010-Q2,367762
4,Campeche,20103,2010-Q3,371707
4,Campeche,20104,2010-Q4,372630
4,Campeche,20111,2011-Q1,372927
4,Campeche,20112,2011-Q2,376025
4,Campeche,20113,2011-Q3,377502
4,Campeche,20114,2011-Q4,383579
4,Campeche,20121,2012-Q1,394203
4,Campeche,20122,2012-Q2,392055
4,Campeche,20123,2012-Q3,406042
4,Campeche,20124,2012-Q4,404822
4,Campeche,20131,2013-Q1,395863
4,Campeche,20132,2013-Q2,399869
4,Campeche,20133,2013-Q3,399877
4,Campeche,20134,2013-Q4,401356
4,Campeche,20141,2014-Q1,397181
4,Campeche,20142,2014-Q2,400384
4,Campeche,20143,2014-Q3,398491
4,Campeche,20144,2014-Q4,400431
4,Campeche,20151,2015-Q1,398652
4,Campeche,20152,2015-Q2,407973
4,Campeche,20153,2015-Q3,406715
4,Campeche,20154,2015-Q4,411969
4,Campeche,20161,2016-Q1,409816
4,Campeche,20162,2016-Q2,407411
4,Campeche,20163,2016-Q3,413921
4,Campeche,20164,2016-Q4,413636
4,Campeche,20171,2017-Q1,411076
4,Campeche,20172,2017-Q2,416969
4,Campeche,20173,2017-Q3,417844
4,Campeche,20174,2017-Q4,418346
4,Campeche,20181,2018-Q1,413643
4,Campeche,20182,2018-Q2,424253
4,Campeche,20183,2018-Q3,430372
4,Campeche,20184,2018-Q4,433649
4,Campeche,20191,2019-Q1,429382
4,Campeche,20192,2019-Q2,439591
4,Campeche,20193,2019-Q3,443958
4,Campeche,20194,2019-Q4,448380
4,Campeche,20201,2020-Q1,448325
4,Campeche,20203,2020-Q3,407124
4,Campeche,20204,2020-Q4,436711
4,Campeche,20211,2021-Q1,438863
4,Campeche,20212,2021-Q2,443205
4,Campeche,20213,2021-Q3,431338
4,Campeche,20214,2021-Q4,433926
4,Campeche,20221,2022-Q1,436070
4,Campeche,20222,2022-Q2,442962
4,Campeche,20223,2022-Q3,445659
4,Campeche,20224,2022-Q4,435183
4,Campeche,20231,2023-Q1,439175
4,Campeche,20232,2023-Q2,440693
4,Campeche,20233,2023-Q3,443151
4,Campeche,20234,2023-Q4,449300
4,Campeche,20241,2024-Q1,454127
4,Campeche,20242,2024-Q2,448646
4,Campeche,20243,2024-Q3,444045
4,Campeche,20244,2024-Q4,446342
4,Campeche,20251,2025-Q1,449083
5,Coahuila de Zaragoza,20101,2010-Q1,1175542
5,Coahuila de Zaragoza,20102,2010-Q2,1187554
5,Coahuila de Zaragoza,20103,2010-Q3,1171459
5,Coahuila de Zaragoza,20104,2010-Q4,1176391
5,Coahuila de Zaragoza,20111,2011-Q1,1172427
5,Coahuila de Zaragoza,20112,2011-Q2,1238971
5,Coahuila de Zaragoza,20113,2011-Q3,1269119
5,Coahuila de Zaragoza,20114,2011-Q4,1272864
5,Coahuila de Zaragoza,20121,2012-Q1,1246074
5,Coahuila de Zaragoza,20122,2012-Q2,1279688
5,Coahuila de Zaragoza,20123,2012-Q3,1307136
5,Coahuila de Zaragoza,20124,2012-Q4,1282325
5,Coahuila de Zaragoza,20131,2013-Q1,1275350
5,Coahuila de Zaragoza,20132,2013-Q2,1323854
5,Coahuila de Zaragoza,20133,2013-Q3,1329851
5,Coahuila de Zaragoza,20134,2013-Q4,1319979
5,Coahuila de Zaragoza,20141,2014-Q1,1277448
5,Coahuila de Zaragoza,20142,2014-Q2,1312612
5,Coahuila de Zaragoza,20143,2014-Q3,1325604
5,Coahuila de Zaragoza,20144,2014-Q4,1314365
5,Coahuila de Zaragoza,20151,2015-Q1,1301671
5,Coahuila de Zaragoza,20152,2015-Q2,1319515
5,Coahuila de Zaragoza,20153,2015-Q3,1324073
5,Coahuila de Zaragoza,20154,2015-Q4,1313758
5,Coahuila de Zaragoza,20161,2016-Q1,1324613
5,Coahuila de Zaragoza,20162,2016-Q2,1322393
5,Coahuila de Zaragoza,20163,2016-Q3,1364959
5,Coahuila de Zaragoza,20164,2016-Q4,1366191
5,Coahuila de Zaragoza,20171,2017-Q1,1376024
5,Coahuila de Zaragoza,20172,2017-Q2,1375455
5,Coahuila de Zaragoza,20173,2017-Q3,1344131
5,Coahuila de Zaragoza,20174,2017-Q4,1350875
5,Coahuila de Zaragoza,20181,2018-Q1,1370350
5,Coahuila de Zaragoza,20182,2018-Q2,1400699
5,Coahuila de Zaragoza,20183,2018-Q3,1376874
5,Coahuila de Zaragoza,20184,2018-Q4,1391498
5,Coahuila de Zaragoza,20191,2019-Q1,1370895
5,Coahuila de Zaragoza,20192,2019-Q2,1400849
5,Coahuila de Zaragoza,20193,2019-Q3,1409251
5,Coahuila de Zaragoza,20194,2019-Q4,1402895
5,Coahuila de Zaragoza,20201,2020-Q1,1384095
5,Coahuila de Zaragoza,20203,2020-Q3,1370489
5,Coahuila de Zaragoza,20204,2020-Q4,1410380
5,Coahuila de Zaragoza,20211,2021-Q1,1419362
5,Coahuila de Zaragoza,20212,2021-Q2,1467284
5,Coahuila de Zaragoza,20213,2021-Q3,1488846
5,Coahuila de Zaragoza,20214,2021-Q4,1493537
5,Coahuila de Zaragoza,20221,2022-Q1,1488638
5,Coahuila de Zaragoza,20222,2022-Q2,1515811
5,Coahuila de Zaragoza,20223,2022-Q3,1514885
5,Coahuila de Zaragoza,20224,2022-Q4,1540535
5,Coahuila de Zaragoza,20231,2023-Q1,1517226
5,Coahuila de Zaragoza,20232,2023-Q2,1558041
5,Coahuila de Zaragoza,20233,2023-Q3,1526864
5,Coahuila de Zaragoza,20234,2023-Q4,1587538
5,Coahuila de Zaragoza,20241,2024-Q1,1531162
5,Coahuila de Zaragoza,20242,2024-Q2,1567258
5,Coahuila de Zaragoza,20243,2024-Q3,1575301
5,Coahuila de Zaragoza,20244,2024-Q4,1602524
5,Coahuila de Zaragoza,20251,2025-Q1,1572146
6,Colima,20101,2010-Q1,313334
6,Colima,20102,2010-Q2,320236
6,Colima,20103,2010-Q3,324784
6,Colima,20104,2010-Q4,315677
6,Colima,20111,2011-Q1,315944
6,Colima,20112,2011-Q2,327359
6,Colima,20113,2011-Q3,331499
6,Colima,20114,2011-Q4,331644
6,Colima,20121,2012-Q1,336118
6,Colima,20122,2012-Q2,341785
6,Colima,20123,2012-Q3,352730
6,Colima,20124,2012-Q4,344603
6,Colima,20131,2013-Q1,348787
6,Colima,20132,2013-Q2,349234
6,Colima,20133,2013-Q3,348154
6,Colima,20134,2013-Q4,357271
6,Colima,20141,2014-Q1,343967
6,Colima,20142,2014-Q2,349911
6,Colima,20143,2014-Q3,355518
6,Colima,20144,2014-Q4,356667
6,Colima,20151,2015-Q1,356099
6,Colima,20152,2015-Q2,354993
6,Colima,20153,2015-Q3,356246
6,Colima,20154,2015-Q4,359330
6,Colima,20161,2016-Q1,364487
6,Colima,20162,2016-Q2,362486
6,Colima,20163,2016-Q3,367737
6,Colima,20164,2016-Q4,365409
6,Colima,20171,2017-Q1,374198
6,Colima,20172,2017-Q2,368557
6,Colima,20173,2017-Q3,367923
6,Colima,20174,2017-Q4,380332
6,Colima,20181,2018-Q1,380601
6,Colima,20182,2018-Q2,385821
6,Colima,20183,2018-Q3,384559
6,Colima,20184,2018-Q4,396857
6,Colima,20191,2019-Q1,392758
6,Colima,20192,2019-Q2,389043
6,Colima,20193,2019-Q3,397227
6,Colima,20194,2019-Q4,396074
6,Colima,20201,2020-Q1,397282
6,Colima,20203,2020-Q3,365313
6,Colima,20204,2020-Q4,371574
6,Colima,20211,2021-Q1,365263
6,Colima,20212,2021-Q2,381094
6,Colima,20213,2021-Q3,394648
6,Colima,20214,2021-Q4,401993
6,Colima,20221,2022-Q1,390874
6,Colima,20222,2022-Q2,395237
6,Colima,20223,2022-Q3,393280
6,Colima,20224,2022-Q4,385344
6,Colima,20231,2023-Q1,391376
6,Colima,20232,2023-Q2,378600
6,Colima,20233,2023-Q3,388998
6,Colima,20234,2023-Q4,381703
6,Colima,20241,2024-Q1,384420
6,Colima,20242,2024-Q2,376488
6,Colima,20243,2024-Q3,384080
6,Colima,20244,2024-Q4,368191
6,Colima,20251,2025-Q1,372980
7,Chiapas,20101,2010-Q1,1860050
7,Chiapas,20102,2010-Q2,1901792
7,Chiapas,20103,2010-Q3,1875975
7,Chiapas,20104,2010-Q4,1821266
7,Chiapas,20111,2011-Q1,1881017
7,Chiapas,20112,2011-Q2,1935082
7,Chiapas,20113,2011-Q3,1898461
7,Chiapas,20114,2011-Q4,1912096
7,Chiapas,20121,2012-Q1,1939828
7,Chiapas,20122,2012-Q2,1988059
7,Chiapas,20123,2012-Q3,1925874
7,Chiapas,20124,2012-Q4,1897400
7,Chiapas,20131,2013-Q1,1952112
7,Chiapas,20132,2013-Q2,1951501
7,Chiapas,20133,2013-Q3,1982001
7,Chiapas,20134,2013-Q4,1956349
7,Chiapas,20141,2014-Q1,1928038
7,Chiapas,20142,2014-Q2,1896647
7,Chiapas,20143,2014-Q3,1879643
7,Chiapas,20144,2014-Q4,1865624
7,Chiapas,20151,2015-Q1,1919834
7,Chiapas,20152,2015-Q2,1927725
7,Chiapas,20153,2015-Q3,1978033
7,Chiapas,20154,2015-Q4,2014866
7,Chiapas,20161,2016-Q1,2008049
7,Chiapas,20162,2016-Q2,1976983
7,Chiapas,20163,2016-Q3,2044643
7,Chiapas,20164,2016-Q4,1964597
7,Chiapas,20171,2017-Q1,2017499
7,Chiapas,20172,2017-Q2,1917477
7,Chiapas,20173,2017-Q3,1958507
7,Chiapas,20174,2017-Q4,1906694
7,Chiapas,20181,2018-Q1,1984365
7,Chiapas,20182,2018-Q2,1937101
7,Chiapas,20183,2018-Q3,1995885
7,Chiapas,20184,2018-Q4,1969051
7,Chiapas,20191,2019-Q1,1991309
7,Chiapas,20192,2019-Q2,2136995
7,Chiapas,20193,2019-Q3,2153991
7,Chiapas,20194,2019-Q4,2166019
7,Chiapas,20201,2020-Q1,2124045
7,Chiapas,20203,2020-Q3,2016758
7,Chiapas,20204,2020-Q4,2108289
7,Chiapas,20211,2021-Q1,2131275
7,Chiapas,20212,2021-Q2,2263306
7,Chiapas,20213,2021-Q3,2170044
7,Chiapas,20214,2021-Q4,2232786
7,Chiapas,20221,2022-Q1,2158172
7,Chiapas,20222,2022-Q2,2199559
7,Chiapas,20223,2022-Q3,2228741
7,Chiapas,20224,2022-Q4,2211107
7,Chiapas,20231,2023-Q1,2199469
7,Chiapas,20232,2023-Q2,2186029
7,Chiapas,20233,2023-Q3,2221988
7,Chiapas,20234,2023-Q4,2243136
7,Chiapas,20241,2024-Q1,2255437
7,Chiapas,20242,2024-Q2,2235634
7,Chiapas,20243,2024-Q3,2230042
7,Chiapas,20244,2024-Q4,2289555
7,Chiapas,20251,2025-Q1,2309506
8,Chihuahua,20101,2010-Q1,1442976
8,Chihuahua,20102,2010-Q2,1439191
8,Chihuahua,20103,2010-Q3,1419093
8,Chihuahua,20104,2010-Q4,1348916
8,Chihuahua,20111,2011-Q1,1352204
8,Chihuahua,20112,2011-Q2,1373310
8,Chihuahua,20113,2011-Q3,1395171
8,Chihuahua,20114,2011-Q4,1437635
8,Chihuahua,20121,2012-Q1,1438255
8,Chihuahua,20122,2012-Q2,1500705
8,Chihuahua,20123,2012-Q3,1519890
8,Chihuahua,20124,2012-Q4,1517276
8,Chihuahua,20131,2013-Q1,1527936
8,Chihuahua,20132,2013-Q2,1565371
8,Chihuahua,20133,2013-Q3,1543433
8,Chihuahua,20134,2013-Q4,1532475
8,Chihuahua,20141,2014-Q1,1514460
8,Chihuahua,20142,2014-Q2,1541646
8,Chihuahua,20143,2014-Q3,1570537
8,Chihuahua,20144,2014-Q4,1593911
8,Chihuahua,20151,2015-Q1,1579804
8,Chihuahua,20152,2015-Q2,1598241
8,Chihuahua,20153,2015-Q3,1591717
8,Chihuahua,20154,2015-Q4,1627360
8,Chihuahua,20161,2016-Q1,1586120
8,Chihuahua,20162,2016-Q2,1636034
8,Chihuahua,20163,2016-Q3,1679324
8,Chihuahua,20164,2016-Q4,1674505
8,Chihuahua,20171,2017-Q1,1640052
8,Chihuahua,20172,2017-Q2,1663170
8,Chihuahua,20173,2017-Q3,1642729
8,Chihuahua,20174,2017-Q4,1676051
8,Chihuahua,20181,2018-Q1,1672982
8,Chihuahua,20182,2018-Q2,1753601
8,Chihuahua,20183,2018-Q3,1766719
8,Chihuahua,20184,2018-Q4,1772618
8,Chihuahua,20191,2019-Q1,1695772
8,Chihuahua,20192,2019-Q2,1747996
8,Chihuahua,20193,2019-Q3,1773082
8,Chihuahua,20194,2019-Q4,1785404
8,Chihuahua,20201,2020-Q1,1779249
8,Chihuahua,20203,2020-Q3,1786308
8,Chihuahua,20204,2020-Q4,1763997
8,Chihuahua,20211,2021-Q1,1671214
8,Chihuahua,20212,2021-Q2,2321708
8,Chihuahua,20213,2021-Q3,2369373
8,Chihuahua,20214,2021-Q4,1777289
8,Chihuahua,20221,2022-Q1,1735066
8,Chihuahua,20222,2022-Q2,1804415
8,Chihuahua,20223,2022-Q3,1820218
8,Chihuahua,20224,2022-Q4,1855152
8,Chihuahua,20231,2023-Q1,1794237
8,Chihuahua,20232,2023-Q2,1852357
8,Chihuahua,20233,2023-Q3,1864066
8,Chihuahua,20234,2023-Q4,1857992
8,Chihuahua,20241,2024-Q1,1813877
8,Chihuahua,20242,2024-Q2,1839215
8,Chihuahua,20243,2024-Q3,1858319
8,Chihuahua,20244,2024-Q4,1883082
8,Chihuahua,20251,2025-Q1,1817473
9,Ciudad de México,20101,2010-Q1,4226150
9,Ciudad de México,20102,2010-Q2,4290681
9,Ciudad de México,20103,2010-Q3,4321300
9,Ciudad de México,20104,2010-Q4,4205116
9,Ciudad de México,20111,2011-Q1,4202194
9,Ciudad de México,20112,2011-Q2,4230593
9,Ciudad de México,20113,2011-Q3,4336165
9,Ciudad de México,20114,2011-Q4,4393420
9,Ciudad de México,20121,2012-Q1,4332568
9,Ciudad de México,20122,2012-Q2,4433263
9,Ciudad de México,20123,2012-Q3,4454971
9,Ciudad de México,20124,2012-Q4,4470040
9,Ciudad de México,20131,2013-Q1,4399759
9,Ciudad de México,20132,2013-Q2,4387210
9,Ciudad de México,20133,2013-Q3,4415316
9,Ciudad de México,20134,2013-Q4,4429488
9,Ciudad de México,20141,2014-Q1,4299207
9,Ciudad de México,20142,2014-Q2,4321842
9,Ciudad de México,20143,2014-Q3,4368461
9,Ciudad de México,20144,2014-Q4,4314435
9,Ciudad de México,20151,2015-Q1,4256780
9,Ciudad de México,20152,2015-Q2,4346903
9,Ciudad de México,20153,2015-Q3,4520389
9,Ciudad de México,20154,2015-Q4,4403287
9,Ciudad de México,20161,2016-Q1,4389928
9,Ciudad de México,20162,2016-Q2,4355283
9,Ciudad de México,20163,2016-Q3,4417259
9,Ciudad de México,20164,2016-Q4,4350772
9,Ciudad de México,20171,2017-Q1,4306333
9,Ciudad de México,20172,2017-Q2,4313198
9,Ciudad de México,20173,2017-Q3,4410856
9,Ciudad de México,20174,2017-Q4,4335159
9,Ciudad de México,20181,2018-Q1,4366890
9,Ciudad de México,20182,2018-Q2,4511258
9,Ciudad de México,20183,2018-Q3,4480285
9,Ciudad de México,20184,2018-Q4,4440317
9,Ciudad de México,20191,2019-Q1,4457852
9,Ciudad de México,20192,2019-Q2,4527377
9,Ciudad de México,20193,2019-Q3,4524703
9,Ciudad de México,20194,2019-Q4,4514470
9,Ciudad de México,20201,2020-Q1,4418646
9,Ciudad de México,20203,2020-Q3,3703362
9,Ciudad de México,20204,2020-Q4,3935752
9,Ciudad de México,20211,2021-Q1,4175657
9,Ciudad de México,20212,2021-Q2,4439594
9,Ciudad de México,20213,2021-Q3,4724127
9,Ciudad de México,20214,2021-Q4,4744648
9,Ciudad de México,20221,2022-Q1,4658108
9,Ciudad de México,20222,2022-Q2,4793126
9,Ciudad de México,20223,2022-Q3,4798534
9,Ciudad de México,20224,2022-Q4,4921131
9,Ciudad de México,20231,2023-Q1,4876283
9,Ciudad de México,20232,2023-Q2,4924263
9,Ciudad de México,20233,2023-Q3,4912263
9,Ciudad de México,20234,2023-Q4,4847179
9,Ciudad de México,20241,2024-Q1,4910037
9,Ciudad de México,20242,2024-Q2,5037773
9,Ciudad de México,20243,2024-Q3,5096702
9,Ciudad de México,20244,2024-Q4,5218209
9,Ciudad de México,20251,2025-Q1,5066685
10,Durango,20101,2010-Q1,629830
10,Durango,20102,2010-Q2,636091
10,Durango,20103,2010-Q3,652307
10,Durango,20104,2010-Q4,653642
10,Durango,20111,2011-Q1,644693
10,Durango,20112,2011-Q2,680127
10,Durango,20113,2011-Q3,670871
10,Durango,20114,2011-Q4,707317
10,Durango,20121,2012-Q1,697903
10,Durango,20122,2012-Q2,685329
10,Durango,20123,2012-Q3,699883
10,Durango,20124,2012-Q4,718467
10,Durango,20131,2013-Q1,701810
10,Durango,20132,2013-Q2,727182
10,Durango,20133,2013-Q3,733116
10,Durango,20134,2013-Q4,732490
10,Durango,20141,2014-Q1,714362
10,Durango,20142,2014-Q2,712799
10,Durango,20143,2014-Q3,731006
10,Durango,20144,2014-Q4,744530
10,Durango,20151,2015-Q1,741726
10,Durango,20152,2015-Q2,750839
10,Durango,20153,2015-Q3,773068
10,Durango,20154,2015-Q4,779604
10,Durango,20161,2016-Q1,766488
10,Durango,20162,2016-Q2,788613
10,Durango,20163,2016-Q3,776377
10,Durango,20164,2016-Q4,783889
10,Durango,20171,2017-Q1,750628
10,Durango,20172,2017-Q2,769768
10,Durango,20173,2017-Q3,784913
10,Durango,20174,2017-Q4,778302
10,Durango,20181,2018-Q1,776502
10,Durango,20182,2018-Q2,797696
10,Durango,20183,2018-Q3,792629
10,Durango,20184,2018-Q4,804613
10,Durango,20191,2019-Q1,805875
10,Durango,20192,2019-Q2,802992
10,Durango,20193,2019-Q3,811437
10,Durango,20194,2019-Q4,810077
10,Durango,20201,2020-Q1,796022
10,Durango,20203,2020-Q3,806911
10,Durango,20204,2020-Q4,798476
10,Durango,20211,2021-Q1,803577
10,Durango,20212,2021-Q2,843167
10,Durango,20213,2021-Q3,842334
10,Durango,20214,2021-Q4,836016
10,Durango,20221,2022-Q1,821631
10,Durango,20222,2022-Q2,835615
10,Durango,20223,2022-Q3,855086
10,Durango,20224,2022-Q4,824826
10,Durango,20231,2023-Q1,830027
10,Durango,20232,2023-Q2,847630
10,Durango,20233,2023-Q3,845276
10,Durango,20234,2023-Q4,853563
10,Durango,20241,2024-Q1,840692
10,Durango,20242,2024-Q2,853702
10,Durango,20243,2024-Q3,874417
10,Durango,20244,2024-Q4,880314
10,Durango,20251,2025-Q1,873367
11,Guanajuato,20101,2010-Q1,2204128
11,Guanajuato,20102,2010-Q2,2253748
11,Guanajuato,20103,2010-Q3,2264603
11,Guanajuato,20104,2010-Q4,2279071
11,Guanajuato,20111,2011-Q1,2261897
11,Guanajuato,20112,2011-Q2,2300855
11,Guanajuato,20113,2011-Q3,2356246
11,Guanajuato,20114,2011-Q4,2397360
11,Guanajuato,20121,2012-Q1,2358634
11,Guanajuato,20122,2012-Q2,2480170
11,Guanajuato,20123,2012-Q3,2565034
11,Guanajuato,20124,2012-Q4,2473548
11,Guanajuato,20131,2013-Q1,2414082
11,Guanajuato,20132,2013-Q2,2486877
11,Guanajuato,20133,2013-Q3,2529611
11,Guanajuato,20134,2013-Q4,2517481
11,Guanajuato,20141,2014-Q1,2463807
11,Guanajuato,20142,2014-Q2,2465714
11,Guanajuato,20143,2014-Q3,2528211
11,Guanajuato,20144,2014-Q4,2457663
11,Guanajuato,20151,2015-Q1,2431842
11,Guanajuato,20152,2015-Q2,2521222
11,Guanajuato,20153,2015-Q3,2510494
11,Guanajuato,20154,2015-Q4,2536929
11,Guanajuato,20161,2016-Q1,2541861
11,Guanajuato,20162,2016-Q2,2549870
11,Guanajuato,20163,2016-Q3,2570409
11,Guanajuato,20164,2016-Q4,2583592
11,Guanajuato,20171,2017-Q1,2528176
11,Guanajuato,20172,2017-Q2,2522469
11,Guanajuato,20173,2017-Q3,2556483
11,Guanajuato,20174,2017-Q4,2633796
11,Guanajuato,20181,2018-Q1,2578931
11,Guanajuato,20182,2018-Q2,2680884
11,Guanajuato,20183,2018-Q3,2632274
11,Guanajuato,20184,2018-Q4,2659163
11,Guanajuato,20191,2019-Q1,2590890
11,Guanajuato,20192,2019-Q2,2649112
11,Guanajuato,20193,2019-Q3,2678128
11,Guanajuato,20194,2019-Q4,2682748
11,Guanajuato,20201,2020-Q1,2618777
11,Guanajuato,20203,2020-Q3,2576399
11,Guanajuato,20204,2020-Q4,2656883
11,Guanajuato,20211,2021-Q1,2684322
11,Guanajuato,20212,2021-Q2,2800508
11,Guanajuato,20213,2021-Q3,2830259
11,Guanajuato,20214,2021-Q4,2799197
11,Guanajuato,20221,2022-Q1,2806638
11,Guanajuato,20222,2022-Q2,2828639
11,Guanajuato,20223,2022-Q3,2848237
11,Guanajuato,20224,2022-Q4,2842643
11,Guanajuato,20231,2023-Q1,2937399
11,Guanajuato,20232,2023-Q2,2855201
11,Guanajuato,20233,2023-Q3,2902454
11,Guanajuato,20234,2023-Q4,2891928
11,Guanajuato,20241,2024-Q1,2887812
11,Guanajuato,20242,2024-Q2,2919698
11,Guanajuato,20243,2024-Q3,2908004
11,Guanajuato,20244,2024-Q4,2900806
11,Guanajuato,20251,2025-Q1,2859767
12,Guerrero,20101,2010-Q1,1336869
12,Guerrero,20102,2010-Q2,1437460
12,Guerrero,20103,2010-Q3,1436284
12,Guerrero,20104,2010-Q4,1422289
12,Guerrero,20111,2011-Q1,1342400
12,Guerrero,20112,2011-Q2,1437121
12,Guerrero,20113,2011-Q3,1456370
12,Guerrero,20114,2011-Q4,1474825
12,Guerrero,20121,2012-Q1,1376653
12,Guerrero,20122,2012-Q2,1440481
12,Guerrero,20123,2012-Q3,1458043
12,Guerrero,20124,2012-Q4,1391164
12,Guerrero,20131,2013-Q1,1358846
12,Guerrero,20132,2013-Q2,1410587
12,Guerrero,20133,2013-Q3,1455267
12,Guerrero,20134,2013-Q4,1413436
12,Guerrero,20141,2014-Q1,1363817
12,Guerrero,20142,2014-Q2,1443698
12,Guerrero,20143,2014-Q3,1468617
12,Guerrero,20144,2014-Q4,1438315
12,Guerrero,20151,2015-Q1,1378482
12,Guerrero,20152,2015-Q2,1417887
12,Guerrero,20153,2015-Q3,1426196
12,Guerrero,20154,2015-Q4,1456709
12,Guerrero,20161,2016-Q1,1434740
12,Guerrero,20162,2016-Q2,1482689
12,Guerrero,20163,2016-Q3,1490317
12,Guerrero,20164,2016-Q4,1421962
12,Guerrero,20171,2017-Q1,1438425
12,Guerrero,20172,2017-Q2,1468957
12,Guerrero,20173,2017-Q3,1455873
12,Guerrero,20174,2017-Q4,1496749
12,Guerrero,20181,2018-Q1,1382957
12,Guerrero,20182,2018-Q2,1448665
12,Guerrero,20183,2018-Q3,1505445
12,Guerrero,20184,2018-Q4,1559635
12,Guerrero,20191,2019-Q1,1500902
12,Guerrero,20192,2019-Q2,1532496
12,Guerrero,20193,2019-Q3,1555820
12,Guerrero,20194,2019-Q4,1541546
12,Guerrero,20201,2020-Q1,1560724
12,Guerrero,20203,2020-Q3,1514297
12,Guerrero,20204,2020-Q4,1564536
12,Guerrero,20211,2021-Q1,1415941
12,Guerrero,20212,2021-Q2,1531375
12,Guerrero,20213,2021-Q3,1526815
12,Guerrero,20214,2021-Q4,1506516
12,Guerrero,20221,2022-Q1,1374567
12,Guerrero,20222,2022-Q2,1519990
12,Guerrero,20223,2022-Q3,1557236
12,Guerrero,20224,2022-Q4,1599844
12,Guerrero,20231,2023-Q1,1585867
12,Guerrero,20232,2023-Q2,1611640
12,Guerrero,20233,2023-Q3,1666265
12,Guerrero,20234,2023-Q4,1657048
12,Guerrero,20241,2024-Q1,1636413
12,Guerrero,20242,2024-Q2,1592772
12,Guerrero,20243,2024-Q3,1571397
12,Guerrero,20244,2024-Q4,1585781
12,Guerrero,20251,2025-Q1,1533997
13,Hidalgo,20101,2010-Q1,1044482
13,Hidalgo,20102,2010-Q2,1107789
13,Hidalgo,20103,2010-Q3,1071848
13,Hidalgo,20104,2010-Q4,1092969
13,Hidalgo,20111,2011-Q1,1082299
13,Hidalgo,20112,2011-Q2,1093340
13,Hidalgo,20113,2011-Q3,1155205
13,Hidalgo,20114,2011-Q4,1118479
13,Hidalgo,20121,2012-Q1,1089339
13,Hidalgo,20122,2012-Q2,1155202
13,Hidalgo,20123,2012-Q3,1173271
13,Hidalgo,20124,2012-Q4,1174639
13,Hidalgo,20131,2013-Q1,1190554
13,Hidalgo,20132,2013-Q2,1171764
13,Hidalgo,20133,2013-Q3,1148676
13,Hidalgo,20134,2013-Q4,1205244
13,Hidalgo,20141,2014-Q1,1171407
13,Hidalgo,20142,2014-Q2,1209618
13,Hidalgo,20143,2014-Q3,1209388
13,Hidalgo,20144,2014-Q4,1220081
13,Hidalgo,20151,2015-Q1,1206635
13,Hidalgo,20152,2015-Q2,1245326
13,Hidalgo,20153,2015-Q3,1279654
13,Hidalgo,20154,2015-Q4,1295452
13,Hidalgo,20161,2016-Q1,1207859
13,Hidalgo,20162,2016-Q2,1209650
13,Hidalgo,20163,2016-Q3,1242951
13,Hidalgo,20164,2016-Q4,1230173
13,Hidalgo,20171,2017-Q1,1180966
13,Hidalgo,20172,2017-Q2,1201247
13,Hidalgo,20173,2017-Q3,1214910
13,Hidalgo,20174,2017-Q4,1237664
13,Hidalgo,20181,2018-Q1,1234475
13,Hidalgo,20182,2018-Q2,1269510
13,Hidalgo,20183,2018-Q3,1316845
13,Hidalgo,20184,2018-Q4,1302465
13,Hidalgo,20191,2019-Q1,1312824
13,Hidalgo,20192,2019-Q2,1333080
13,Hidalgo,20193,2019-Q3,1339083
13,Hidalgo,20194,2019-Q4,1315532
13,Hidalgo,20201,2020-Q1,1312536
13,Hidalgo,20203,2020-Q3,1239777
13,Hidalgo,20204,2020-Q4,1269809
13,Hidalgo,20211,2021-Q1,1280514
13,Hidalgo,20212,2021-Q2,1326174
13,Hidalgo,20213,2021-Q3,1377006
13,Hidalgo,20214,2021-Q4,1405819
13,Hidalgo,20221,2022-Q1,1372274
13,Hidalgo,20222,2022-Q2,1423737
13,Hidalgo,20223,2022-Q3,1466506
13,Hidalgo,20224,2022-Q4,1483290
13,Hidalgo,20231,2023-Q1,1524662
13,Hidalgo,20232,2023-Q2,1494828
13,Hidalgo,20233,2023-Q3,1530191
13,Hidalgo,20234,2023-Q4,1467736
13,Hidalgo,20241,2024-Q1,1467760
13,Hidalgo,20242,2024-Q2,1483511
13,Hidalgo,20243,2024-Q3,1485387
13,Hidalgo,20244,2024-Q4,1494670
13,Hidalgo,20251,2025-Q1,1522196
14,Jalisco,20101,2010-Q1,3295626
14,Jalisco,20102,2010-Q2,3335568
14,Jalisco,20103,2010-Q3,3408603
14,Jalisco,20104,2010-Q4,3398249
14,Jalisco,20111,2011-Q1,3366354
14,Jalisco,20112,2011-Q2,3392590
14,Jalisco,20113,2011-Q3,3470494
14,Jalisco,20114,2011-Q4,3469069
14,Jalisco,20121,2012-Q1,3439692
14,Jalisco,20122,2012-Q2,3489965
14,Jalisco,20123,2012-Q3,3507569
14,Jalisco,20124,2012-Q4,3454205
14,Jalisco,20131,2013-Q1,3464799
14,Jalisco,20132,2013-Q2,3523994
14,Jalisco,20133,2013-Q3,3521359
14,Jalisco,20134,2013-Q4,3525624
14,Jalisco,20141,2014-Q1,3469932
14,Jalisco,20142,2014-Q2,3455969
14,Jalisco,20143,2014-Q3,3523518
14,Jalisco,20144,2014-Q4,3517378
14,Jalisco,20151,2015-Q1,3538704
14,Jalisco,20152,2015-Q2,3541923
14,Jalisco,20153,2015-Q3,3578041
14,Jalisco,20154,2015-Q4,3714858
14,Jalisco,20161,2016-Q1,3647045
14,Jalisco,20162,2016-Q2,3647482
14,Jalisco,20163,2016-Q3,3679533
14,Jalisco,20164,2016-Q4,3694536
14,Jalisco,20171,2017-Q1,3742621
14,Jalisco,20172,2017-Q2,3707620
14,Jalisco,20173,2017-Q3,3785317
14,Jalisco,20174,2017-Q4,3757723
14,Jalisco,20181,2018-Q1,3735485
14,Jalisco,20182,2018-Q2,3760557
14,Jalisco,20183,2018-Q3,3794367
14,Jalisco,20184,2018-Q4,3797311
14,Jalisco,20191,2019-Q1,3858599
14,Jalisco,20192,2019-Q2,3848747
14,Jalisco,20193,2019-Q3,3886223
14,Jalisco,20194,2019-Q4,3895568
14,Jalisco,20201,2020-Q1,3894295
14,Jalisco,20203,2020-Q3,3764716
14,Jalisco,20204,2020-Q4,3810866
14,Jalisco,20211,2021-Q1,3879906
14,Jalisco,20212,2021-Q2,3957119
14,Jalisco,20213,2021-Q3,3959500
14,Jalisco,20214,2021-Q4,4050154
14,Jalisco,20221,2022-Q1,4039130
14,Jalisco,20222,2022-Q2,4068763
14,Jalisco,20223,2022-Q3,4140158
14,Jalisco,20224,2022-Q4,4164627
14,Jalisco,20231,2023-Q1,4198136
14,Jalisco,20232,2023-Q2,4180510
14,Jalisco,20233,2023-Q3,4118554
14,Jalisco,20234,2023-Q4,4098344
14,Jalisco,20241,2024-Q1,4092603
14,Jalisco,20242,2024-Q2,4060655
14,Jalisco,20243,2024-Q3,4016406
14,Jalisco,20244,2024-Q4,3979581
14,Jalisco,20251,2025-Q1,3992241
15,Estado de México,20101,2010-Q1,6524879
15,Estado de México,20102,2010-Q2,6792904
15,Estado de México,20103,2010-Q3,6851942
15,Estado de México,20104,2010-Q4,6627998
15,Estado de México,20111,2011-Q1,6696513
15,Estado de México,20112,2011-Q2,6842020
15,Estado de México,20113,2011-Q3,6904176
15,Estado de México,20114,2011-Q4,6969793
15,Estado de México,20121,2012-Q1,6918752
15,Estado de México,20122,2012-Q2,7030023
15,Estado de México,20123,2012-Q3,7195038
15,Estado de México,20124,2012-Q4,7099226
15,Estado de México,20131,2013-Q1,6907802
15,Estado de México,20132,2013-Q2,7211154
15,Estado de México,20133,2013-Q3,7160331
15,Estado de México,20134,2013-Q4,7295121
15,Estado de México,20141,2014-Q1,7329244
15,Estado de México,20142,2014-Q2,7348174
15,Estado de México,20143,2014-Q3,7315202
15,Estado de México,20144,2014-Q4,7265129
15,Estado de México,20151,2015-Q1,7337195
15,Estado de México,20152,2015-Q2,7409354
15,Estado de México,20153,2015-Q3,7499357
15,Estado de México,20154,2015-Q4,7655997
15,Estado de México,20161,2016-Q1,7365373
15,Estado de México,20162,2016-Q2,7449230
15,Estado de México,20163,2016-Q3,7535367
15,Estado de México,20164,2016-Q4,7508735
15,Estado de México,20171,2017-Q1,7475806
15,Estado de México,20172,2017-Q2,7526213
15,Estado de México,20173,2017-Q3,7662551
15,Estado de México,20174,2017-Q4,7761047
15,Estado de México,20181,2018-Q1,7739629
15,Estado de México,20182,2018-Q2,7877685
15,Estado de México,20183,2018-Q3,7931248
15,Estado de México,20184,2018-Q4,7924199
15,Estado de México,20191,2019-Q1,7897293
15,Estado de México,20192,2019-Q2,8073781
15,Estado de México,20193,2019-Q3,8081258
15,Estado de México,20194,2019-Q4,8195649
15,Estado de México,20201,2020-Q1,8114896
15,Estado de México,20203,2020-Q3,7412097
15,Estado de México,20204,2020-Q4,7817888
15,Estado de México,20211,2021-Q1,7256647
15,Estado de México,20212,2021-Q2,8291602
15,Estado de México,20214,2021-Q4,7981849
15,Estado de México,20221,2022-Q1,7958120
15,Estado de México,20222,2022-Q2,8112846
15,Estado de México,20223,2022-Q3,8184570
15,Estado de México,20224,2022-Q4,8217291
15,Estado de México,20231,2023-Q1,8100027
15,Estado de México,20232,2023-Q2,8110112
15,Estado de México,20233,2023-Q3,8339298
15,Estado de México,20234,2023-Q4,8490893
15,Estado de México,20241,2024-Q1,8328673
15,Estado de México,20242,2024-Q2,8440917
15,Estado de México,20243,2024-Q3,8445522
15,Estado de México,20244,2024-Q4,8385442
15,Estado de México,20251,2025-Q1,8230321
16,Michoacán de Ocampo,20101,2010-Q1,1752556
16,Michoacán de Ocampo,20102,2010-Q2,1761160
16,Michoacán de Ocampo,20103,2010-Q3,1830800
16,Michoacán de Ocampo,20104,2010-Q4,1730846
16,Michoacán de Ocampo,20111,2011-Q1,1788714
16,Michoacán de Ocampo,20112,2011-Q2,1895705
16,Michoacán de Ocampo,20113,2011-Q3,1914513
16,Michoacán de Ocampo,20114,2011-Q4,1853718
16,Michoacán de Ocampo,20121,2012-Q1,1878345
16,Michoacán de Ocampo,20122,2012-Q2,1908176
16,Michoacán de Ocampo,20123,2012-Q3,1937566
16,Michoacán de Ocampo,20124,2012-Q4,1885496
16,Michoacán de Ocampo,20131,2013-Q1,1888998
16,Michoacán de Ocampo,20132,2013-Q2,1926178
16,Michoacán de Ocampo,20133,2013-Q3,1903234
16,Michoacán de Ocampo,20134,2013-Q4,1937004
16,Michoacán de Ocampo,20141,2014-Q1,1882611
16,Michoacán de Ocampo,20142,2014-Q2,1917096
16,Michoacán de Ocampo,20143,2014-Q3,1887056
16,Michoacán de Ocampo,20144,2014-Q4,1944386
16,Michoacán de Ocampo,20151,2015-Q1,1952739
16,Michoacán de Ocampo,20152,2015-Q2,1978793
16,Michoacán de Ocampo,20153,2015-Q3,1974224
16,Michoacán de Ocampo,20154,2015-Q4,1955573
16,Michoacán de Ocampo,20161,2016-Q1,1984302
16,Michoacán de Ocampo,20162,2016-Q2,2014331
16,Michoacán de Ocampo,20163,2016-Q3,2026168
16,Michoacán de Ocampo,20164,2016-Q4,2002116
16,Michoacán de Ocampo,20171,2017-Q1,1978419
16,Michoacán de Ocampo,20172,2017-Q2,1981698
16,Michoacán de Ocampo,20173,2017-Q3,1987805
16,Michoacán de Ocampo,20174,2017-Q4,1996173
16,Michoacán de Ocampo,20181,2018-Q1,2015372
16,Michoacán de Ocampo,20182,2018-Q2,2043260
16,Michoacán de Ocampo,20183,2018-Q3,2039902
16,Michoacán de Ocampo,20184,2018-Q4,2014164
16,Michoacán de Ocampo,20191,2019-Q1,2082622
16,Michoacán de Ocampo,20192,2019-Q2,2101163
16,Michoacán de Ocampo,20193,2019-Q3,2095379
16,Michoacán de Ocampo,20194,2019-Q4,2092495
16,Michoacán de Ocampo,20201,2020-Q1,2124137
16,Michoacán de Ocampo,20203,2020-Q3,1929354
16,Michoacán de Ocampo,20204,2020-Q4,1937391
16,Michoacán de Ocampo,20211,2021-Q1,1989700
16,Michoacán de Ocampo,20212,2021-Q2,2041844
16,Michoacán de Ocampo,20213,2021-Q3,2173381
16,Michoacán de Ocampo,20214,2021-Q4,2165988
16,Michoacán de Ocampo,20221,2022-Q1,2203754
16,Michoacán de Ocampo,20222,2022-Q2,2236441
16,Michoacán de Ocampo,20223,2022-Q3,2251196
16,Michoacán de Ocampo,20224,2022-Q4,2246319
16,Michoacán de Ocampo,20231,2023-Q1,2189342
16,Michoacán de Ocampo,20232,2023-Q2,2220568
16,Michoacán de Ocampo,20233,2023-Q3,2275618
16,Michoacán de Ocampo,20234,2023-Q4,2273025
16,Michoacán de Ocampo,20241,2024-Q1,2307150
16,Michoacán de Ocampo,20242,2024-Q2,2288048
16,Michoacán de Ocampo,20243,2024-Q3,2241689
16,Michoacán de Ocampo,20244,2024-Q4,2251965
16,Michoacán de Ocampo,20251,2025-Q1,2257524
17,Morelos,20101,2010-Q1,792024
17,Morelos,20102,2010-Q2,802642
17,Morelos,20103,2010-Q3,798258
17,Morelos,20104,2010-Q4,784089
17,Morelos,20111,2011-Q1,783059
17,Morelos,20112,2011-Q2,787229
17,Morelos,20113,2011-Q3,800655
17,Morelos,20114,2011-Q4,800395
17,Morelos,20121,2012-Q1,797658
17,Morelos,20122,2012-Q2,807203
17,Morelos,20123,2012-Q3,808417
17,Morelos,20124,2012-Q4,803846
17,Morelos,20131,2013-Q1,803295
17,Morelos,20132,2013-Q2,819217
17,Morelos,20133,2013-Q3,813653
17,Morelos,20134,2013-Q4,826041
17,Morelos,20141,2014-Q1,802491
17,Morelos,20142,2014-Q2,818233
17,Morelos,20143,2014-Q3,819512
17,Morelos,20144,2014-Q4,810715
17,Morelos,20151,2015-Q1,818118
17,Morelos,20152,2015-Q2,812055
17,Morelos,20153,2015-Q3,801201
17,Morelos,20154,2015-Q4,788902
17,Morelos,20161,2016-Q1,813176
17,Morelos,20162,2016-Q2,806564
17,Morelos,20163,2016-Q3,836435
17,Morelos,20164,2016-Q4,819646
17,Morelos,20171,2017-Q1,834101
17,Morelos,20172,2017-Q2,817866
17,Morelos,20173,2017-Q3,827940
17,Morelos,20174,2017-Q4,846148
17,Morelos,20181,2018-Q1,862811
17,Morelos,20182,2018-Q2,846249
17,Morelos,20183,2018-Q3,853314
17,Morelos,20184,2018-Q4,838342
17,Morelos,20191,2019-Q1,868723
17,Morelos,20192,2019-Q2,850101
17,Morelos,20193,2019-Q3,874161
17,Morelos,20194,2019-Q4,871346
17,Morelos,20201,2020-Q1,890530
17,Morelos,20203,2020-Q3,853001
17,Morelos,20204,2020-Q4,879639
17,Morelos,20211,2021-Q1,823186
17,Morelos,20212,2021-Q2,855311
17,Morelos,20213,2021-Q3,857820
17,Morelos,20214,2021-Q4,850676
17,Morelos,20221,2022-Q1,849097
17,Morelos,20222,2022-Q2,841772
17,Morelos,20223,2022-Q3,869977
17,Morelos,20224,2022-Q4,883075
17,Morelos,20231,2023-Q1,890646
17,Morelos,20232,2023-Q2,886686
17,Morelos,20233,2023-Q3,884112
17,Morelos,20234,2023-Q4,910269
17,Morelos,20241,2024-Q1,902033
17,Morelos,20242,2024-Q2,887155
17,Morelos,20243,2024-Q3,905510
17,Morelos,20244,2024-Q4,878989
17,Morelos,20251,2025-Q1,888797
18,Nayarit,20101,2010-Q1,500992
18,Nayarit,20102,2010-Q2,509183
18,Nayarit,20103,2010-Q3,513989
18,Nayarit,20104,2010-Q4,513252
18,Nayarit,20111,2011-Q1,515642
18,Nayarit,20112,2011-Q2,504929
18,Nayarit,20113,2011-Q3,497222
18,Nayarit,20114,2011-Q4,511957
18,Nayarit,20121,2012-Q1,516293
18,Nayarit,20122,2012-Q2,524609
18,Nayarit,20123,2012-Q3,532734
18,Nayarit,20124,2012-Q4,540494
18,Nayarit,20131,2013-Q1,550425
18,Nayarit,20132,2013-Q2,542103
18,Nayarit,20133,2013-Q3,544086
18,Nayarit,20134,2013-Q4,554195
18,Nayarit,20141,2014-Q1,563804
18,Nayarit,20142,2014-Q2,549083
18,Nayarit,20143,2014-Q3,559238
18,Nayarit,20144,2014-Q4,555305
18,Nayarit,20151,2015-Q1,574724
18,Nayarit,20152,2015-Q2,571752
18,Nayarit,20153,2015-Q3,569041
18,Nayarit,20154,2015-Q4,585739
18,Nayarit,20161,2016-Q1,572345
18,Nayarit,20162,2016-Q2,583193
18,Nayarit,20163,2016-Q3,581719
18,Nayarit,20164,2016-Q4,591315
18,Nayarit,20171,2017-Q1,591525
18,Nayarit,20172,2017-Q2,589791
18,Nayarit,20173,2017-Q3,599824
18,Nayarit,20174,2017-Q4,614098
18,Nayarit,20181,2018-Q1,620511
18,Nayarit,20182,2018-Q2,616945
18,Nayarit,20183,2018-Q3,628918
18,Nayarit,20184,2018-Q4,620909
18,Nayarit,20191,2019-Q1,631415
18,Nayarit,20192,2019-Q2,626462
18,Nayarit,20193,2019-Q3,631627
18,Nayarit,20194,2019-Q4,624047
18,Nayarit,20201,2020-Q1,642054
18,Nayarit,20203,2020-Q3,674825
18,Nayarit,20204,2020-Q4,683387
18,Nayarit,20211,2021-Q1,651580
18,Nayarit,20212,2021-Q2,627135
18,Nayarit,20213,2021-Q3,600692
18,Nayarit,20214,2021-Q4,609847
18,Nayarit,20221,2022-Q1,613208
18,Nayarit,20222,2022-Q2,618626
18,Nayarit,20223,2022-Q3,621582
18,Nayarit,20224,2022-Q4,622716
18,Nayarit,20231,2023-Q1,621866
18,Nayarit,20232,2023-Q2,628886
18,Nayarit,20233,2023-Q3,634709
18,Nayarit,20234,2023-Q4,652611
18,Nayarit,20241,2024-Q1,654186
18,Nayarit,20242,2024-Q2,646616
18,Nayarit,20243,2024-Q3,636874
18,Nayarit,20244,2024-Q4,634062
18,Nayarit,20251,2025-Q1,644192
19,Nuevo León,20101,2010-Q1,2193201
19,Nuevo León,20102,2010-Q2,2226394
19,Nuevo León,20103,2010-Q3,2210256
19,Nuevo León,20104,2010-Q4,2228480
19,Nuevo León,20111,2011-Q1,2201452
19,Nuevo León,20112,2011-Q2,2199831
19,Nuevo León,20113,2011-Q3,2226819
19,Nuevo León,20114,2011-Q4,2264278
19,Nuevo León,20121,2012-Q1,2232845
19,Nuevo León,20122,2012-Q2,2311406
19,Nuevo León,20123,2012-Q3,2286154
19,Nuevo León,20124,2012-Q4,2308619
19,Nuevo León,20131,2013-Q1,2230258
19,Nuevo León,20132,2013-Q2,2315207
19,Nuevo León,20133,2013-Q3,2292814
19,Nuevo León,20134,2013-Q4,2298389
19,Nuevo León,20141,2014-Q1,2215675
19,Nuevo León,20142,2014-Q2,2296696
19,Nuevo León,20143,2014-Q3,2308943
19,Nuevo León,20144,2014-Q4,2302251
19,Nuevo León,20151,2015-Q1,2296435
19,Nuevo León,20152,2015-Q2,2327113
19,Nuevo León,20153,2015-Q3,2337494
19,Nuevo León,20154,2015-Q4,2370447
19,Nuevo León,20161,2016-Q1,2318300
19,Nuevo León,20162,2016-Q2,2390721
19,Nuevo León,20163,2016-Q3,2429180
19,Nuevo León,20164,2016-Q4,2466545
19,Nuevo León,20171,2017-Q1,2417477
19,Nuevo León,20172,2017-Q2,2436540
19,Nuevo León,20173,2017-Q3,2446421
19,Nuevo León,20174,2017-Q4,2473654
19,Nuevo León,20181,2018-Q1,2441649
19,Nuevo León,20182,2018-Q2,2527104
19,Nuevo León,20183,2018-Q3,2503030
19,Nuevo León,20184,2018-Q4,2508932
19,Nuevo León,20191,2019-Q1,2502020
19,Nuevo León,20192,2019-Q2,2524253
19,Nuevo León,20193,2019-Q3,2540257
19,Nuevo León,20194,2019-Q4,2604667
19,Nuevo León,20201,2020-Q1,2613855
19,Nuevo León,20203,2020-Q3,2548927
19,Nuevo León,20204,2020-Q4,2575825
19,Nuevo León,20211,2021-Q1,2785180
19,Nuevo León,20212,2021-Q2,2903038
19,Nuevo León,20213,2021-Q3,2866655
19,Nuevo León,20214,2021-Q4,2892673
19,Nuevo León,20221,2022-Q1,2856917
19,Nuevo León,20222,2022-Q2,2890727
19,Nuevo León,20223,2022-Q3,2889879
19,Nuevo León,20224,2022-Q4,2919303
19,Nuevo León,20231,2023-Q1,2901131
19,Nuevo León,20232,2023-Q2,2896509
19,Nuevo León,20233,2023-Q3,2961497
19,Nuevo León,20234,2023-Q4,2965610
19,Nuevo León,20241,2024-Q1,2987074
19,Nuevo León,20242,2024-Q2,3012589
19,Nuevo León,20243,2024-Q3,3006923
19,Nuevo León,20244,2024-Q4,3024159
19,Nuevo León,20251,2025-Q1,2926208
20,Oaxaca,20101,2010-Q1,1583313
20,Oaxaca,20102,2010-Q2,1616349
20,Oaxaca,20103,2010-Q3,1594579
20,Oaxaca,20104,2010-Q4,1599129
20,Oaxaca,20111,2011-Q1,1573030
20,Oaxaca,20112,2011-Q2,1617037
20,Oaxaca,20113,2011-Q3,1659754
20,Oaxaca,20114,2011-Q4,1695676
20,Oaxaca,20121,2012-Q1,1616320
20,Oaxaca,20122,2012-Q2,1657432
20,Oaxaca,20123,2012-Q3,1733611
20,Oaxaca,20124,2012-Q4,1672753
20,Oaxaca,20131,2013-Q1,1612573
20,Oaxaca,20132,2013-Q2,1591270
20,Oaxaca,20133,2013-Q3,1657522
20,Oaxaca,20134,2013-Q4,1630893
20,Oaxaca,20141,2014-Q1,1674403
20,Oaxaca,20142,2014-Q2,1646346
20,Oaxaca,20143,2014-Q3,1682031
20,Oaxaca,20144,2014-Q4,1664270
20,Oaxaca,20151,2015-Q1,1630614
20,Oaxaca,20152,2015-Q2,1645023
20,Oaxaca,20153,2015-Q3,1694415
20,Oaxaca,20154,2015-Q4,1711751
20,Oaxaca,20161,2016-Q1,1651471
20,Oaxaca,20162,2016-Q2,1727495
20,Oaxaca,20163,2016-Q3,1725728
20,Oaxaca,20164,2016-Q4,1716346
20,Oaxaca,20171,2017-Q1,1640510
20,Oaxaca,20172,2017-Q2,1699454
20,Oaxaca,20173,2017-Q3,1710876
20,Oaxaca,20174,2017-Q4,1696053
20,Oaxaca,20181,2018-Q1,1674080
20,Oaxaca,20182,2018-Q2,1739543
20,Oaxaca,20183,2018-Q3,1761492
20,Oaxaca,20184,2018-Q4,1766964
20,Oaxaca,20191,2019-Q1,1771068
20,Oaxaca,20192,2019-Q2,1830507
20,Oaxaca,20193,2019-Q3,1853607
20,Oaxaca,20194,2019-Q4,1885014
20,Oaxaca,20201,2020-Q1,1797433
20,Oaxaca,20203,2020-Q3,1788531
20,Oaxaca,20204,2020-Q4,1880398
20,Oaxaca,20211,2021-Q1,1851937
20,Oaxaca,20212,2021-Q2,1844235
20,Oaxaca,20213,2021-Q3,1783913
20,Oaxaca,20214,2021-Q4,1854356
20,Oaxaca,20221,2022-Q1,1884444
20,Oaxaca,20222,2022-Q2,1907900
20,Oaxaca,20223,2022-Q3,1920622
20,Oaxaca,20224,2022-Q4,1930924
20,Oaxaca,20231,2023-Q1,1916376
20,Oaxaca,20232,2023-Q2,1836475
20,Oaxaca,20233,2023-Q3,1981520
20,Oaxaca,20234,2023-Q4,1922767
20,Oaxaca,20241,2024-Q1,1870606
20,Oaxaca,20242,2024-Q2,1886140
20,Oaxaca,20243,2024-Q3,1941864
20,Oaxaca,20244,2024-Q4,1793392
20,Oaxaca,20251,2025-Q1,1829474
21,Puebla,20101,2010-Q1,2367871
21,Puebla,20102,2010-Q2,2430724
21,Puebla,20103,2010-Q3,2488089
21,Puebla,20104,2010-Q4,2435395
21,Puebla,20111,2011-Q1,2378617
21,Puebla,20112,2011-Q2,2479936
21,Puebla,20113,2011-Q3,2475772
21,Puebla,20114,2011-Q4,2608697
21,Puebla,20121,2012-Q1,2519457
21,Puebla,20122,2012-Q2,2590163
21,Puebla,20123,2012-Q3,2587110
21,Puebla,20124,2012-Q4,2603161
21,Puebla,20131,2013-Q1,2577105
21,Puebla,20132,2013-Q2,2614995
21,Puebla,20133,2013-Q3,2688078
21,Puebla,20134,2013-Q4,2651019
21,Puebla,20141,2014-Q1,2629626
21,Puebla,20142,2014-Q2,2627386
21,Puebla,20143,2014-Q3,2621893
21,Puebla,20144,2014-Q4,2631791
21,Puebla,20151,2015-Q1,2596845
21,Puebla,20152,2015-Q2,2651926
21,Puebla,20153,2015-Q3,2642250
21,Puebla,20154,2015-Q4,2710296
21,Puebla,20161,2016-Q1,2649383
21,Puebla,20162,2016-Q2,2697119
21,Puebla,20163,2016-Q3,2789817
21,Puebla,20164,2016-Q4,2789480
21,Puebla,20171,2017-Q1,2780286
21,Puebla,20172,2017-Q2,2848276
21,Puebla,20173,2017-Q3,2768440
21,Puebla,20174,2017-Q4,2851683
21,Puebla,20181,2018-Q1,2781199
21,Puebla,20182,2018-Q2,2812501
21,Puebla,20183,2018-Q3,2848162
21,Puebla,20184,2018-Q4,2849781
21,Puebla,20191,2019-Q1,2883130
21,Puebla,20192,2019-Q2,2885115
21,Puebla,20193,2019-Q3,2992818
21,Puebla,20194,2019-Q4,2953254
21,Puebla,20201,2020-Q1,2930555
21,Puebla,20203,2020-Q3,2762943
21,Puebla,20204,2020-Q4,2899694
21,Puebla,20211,2021-Q1,2877269
21,Puebla,20212,2021-Q2,3024303
21,Puebla,20213,2021-Q3,2999739
21,Puebla,20214,2021-Q4,3044866
21,Puebla,20221,2022-Q1,3022868
21,Puebla,20222,2022-Q2,3090458
21,Puebla,20223,2022-Q3,2995755
21,Puebla,20224,2022-Q4,3016552
21,Puebla,20231,2023-Q1,3077202
21,Puebla,20232,2023-Q2,3070602
21,Puebla,20233,2023-Q3,3128309
21,Puebla,20234,2023-Q4,3033484
21,Puebla,20241,2024-Q1,3017372
21,Puebla,20242,2024-Q2,3054844
21,Puebla,20243,2024-Q3,3172885
21,Puebla,20244,2024-Q4,3090049
21,Puebla,20251,2025-Q1,3092122
22,Querétaro,20101,2010-Q1,731671
22,Querétaro,20102,2010-Q2,765115
22,Querétaro,20103,2010-Q3,765265
22,Querétaro,20104,2010-Q4,732591
22,Querétaro,20111,2011-Q1,769485
22,Querétaro,20112,2011-Q2,776584
22,Querétaro,20113,2011-Q3,773892
22,Querétaro,20114,2011-Q4,773975
22,Querétaro,20121,2012-Q1,786801
22,Querétaro,20122,2012-Q2,768224
22,Querétaro,20123,2012-Q3,795153
22,Querétaro,20124,2012-Q4,754137
22,Querétaro,20131,2013-Q1,770609
22,Querétaro,20132,2013-Q2,750893
22,Querétaro,20133,2013-Q3,753258
22,Querétaro,20134,2013-Q4,764035
22,Querétaro,20141,2014-Q1,755159
22,Querétaro,20142,2014-Q2,770561
22,Querétaro,20143,2014-Q3,773170
22,Querétaro,20144,2014-Q4,772029
22,Querétaro,20151,2015-Q1,802051
22,Querétaro,20152,2015-Q2,772906
22,Querétaro,20153,2015-Q3,800055
22,Querétaro,20154,2015-Q4,842023
22,Querétaro,20161,2016-Q1,819372
22,Querétaro,20162,2016-Q2,809662
22,Querétaro,20163,2016-Q3,806322
22,Querétaro,20164,2016-Q4,807243
22,Querétaro,20171,2017-Q1,829465
22,Querétaro,20172,2017-Q2,806686
22,Querétaro,20173,2017-Q3,824971
22,Querétaro,20174,2017-Q4,837024
22,Querétaro,20181,2018-Q1,880799
22,Querétaro,20182,2018-Q2,862007
22,Querétaro,20183,2018-Q3,868567
22,Querétaro,20184,2018-Q4,861125
22,Querétaro,20191,2019-Q1,869742
22,Querétaro,20192,2019-Q2,856609
22,Querétaro,20193,2019-Q3,873950
22,Querétaro,20194,2019-Q4,888116
22,Querétaro,20201,2020-Q1,926620
22,Querétaro,20203,2020-Q3,878118
22,Querétaro,20204,2020-Q4,949571
22,Querétaro,20211,2021-Q1,1010295
22,Querétaro,20212,2021-Q2,1052926
22,Querétaro,20213,2021-Q3,1087188
22,Querétaro,20214,2021-Q4,1060535
22,Querétaro,20221,2022-Q1,1053243
22,Querétaro,20222,2022-Q2,1029663
22,Querétaro,20223,2022-Q3,1066235
22,Querétaro,20224,2022-Q4,1111103
22,Querétaro,20231,2023-Q1,1131809
22,Querétaro,20232,2023-Q2,1144455
22,Querétaro,20233,2023-Q3,1183766
22,Querétaro,20234,2023-Q4,1179796
22,Querétaro,20241,2024-Q1,1180840
22,Querétaro,20242,2024-Q2,1189166
22,Querétaro,20243,2024-Q3,1220360
22,Querétaro,20244,2024-Q4,1239614
22,Querétaro,20251,2025-Q1,1216822
23,Quintana Roo,20101,2010-Q1,662930
23,Quintana Roo,20102,2010-Q2,690472
23,Quintana Roo,20103,2010-Q3,681806
23,Quintana Roo,20104,2010-Q4,692620
23,Quintana Roo,20111,2011-Q1,683041
23,Quintana Roo,20112,2011-Q2,702166
23,Quintana Roo,20113,2011-Q3,697627
23,Quintana Roo,20114,2011-Q4,707912
23,Quintana Roo,20121,2012-Q1,719709
23,Quintana Roo,20122,2012-Q2,730109
23,Quintana Roo,20123,2012-Q3,723302
23,Quintana Roo,20124,2012-Q4,713671
23,Quintana Roo,20131,2013-Q1,717563
23,Quintana Roo,20132,2013-Q2,740160
23,Quintana Roo,20133,2013-Q3,742819
23,Quintana Roo,20134,2013-Q4,732583
23,Quintana Roo,20141,2014-Q1,724831
23,Quintana Roo,20142,2014-Q2,738988
23,Quintana Roo,20143,2014-Q3,743062
23,Quintana Roo,20144,2014-Q4,748707
23,Quintana Roo,20151,2015-Q1,749808
23,Quintana Roo,20152,2015-Q2,762384
23,Quintana Roo,20153,2015-Q3,771373
23,Quintana Roo,20154,2015-Q4,790255
23,Quintana Roo,20161,2016-Q1,787452
23,Quintana Roo,20162,2016-Q2,801368
23,Quintana Roo,20163,2016-Q3,819527
23,Quintana Roo,20164,2016-Q4,806043
23,Quintana Roo,20171,2017-Q1,800847
23,Quintana Roo,20172,2017-Q2,809904
23,Quintana Roo,20173,2017-Q3,822529
23,Quintana Roo,20174,2017-Q4,821059
23,Quintana Roo,20181,2018-Q1,818839
23,Quintana Roo,20182,2018-Q2,846856
23,Quintana Roo,20183,2018-Q3,864291
23,Quintana Roo,20184,2018-Q4,872731
23,Quintana Roo,20191,2019-Q1,890199
23,Quintana Roo,20192,2019-Q2,884865
23,Quintana Roo,20193,2019-Q3,862339
23,Quintana Roo,20194,2019-Q4,878561
23,Quintana Roo,20201,2020-Q1,877080
23,Quintana Roo,20203,2020-Q3,788295
23,Quintana Roo,20204,2020-Q4,845007
23,Quintana Roo,20211,2021-Q1,919059
23,Quintana Roo,20212,2021-Q2,920651
23,Quintana Roo,20213,2021-Q3,930444
23,Quintana Roo,20214,2021-Q4,937357
23,Quintana Roo,20221,2022-Q1,939947
23,Quintana Roo,20222,2022-Q2,960681
23,Quintana Roo,20223,2022-Q3,962278
23,Quintana Roo,20224,2022-Q4,987173
23,Quintana Roo,20231,2023-Q1,996823
23,Quintana Roo,20232,2023-Q2,994829
23,Quintana Roo,20233,2023-Q3,979797
23,Quintana Roo,20234,2023-Q4,995927
23,Quintana Roo,20241,2024-Q1,980538
23,Quintana Roo,20242,2024-Q2,985107
23,Quintana Roo,20243,2024-Q3,1003099
23,Quintana Roo,20244,2024-Q4,1002087
23,Quintana Roo,20251,2025-Q1,995271
24,San Luis Potosí,20101,2010-Q1,1038572
24,San Luis Potosí,20102,2010-Q2,1072708
24,San Luis Potosí,20103,2010-Q3,1056853
24,San Luis Potosí,20104,2010-Q4,1058129
24,San Luis Potosí,20111,2011-Q1,1057872
24,San Luis Potosí,20112,2011-Q2,1049539
24,San Luis Potosí,20113,2011-Q3,1052912
24,San Luis Potosí,20114,2011-Q4,1044239
24,San Luis Potosí,20121,2012-Q1,1036520
24,San Luis Potosí,20122,2012-Q2,1081789
24,San Luis Potosí,20123,2012-Q3,1122044
24,San Luis Potosí,20124,2012-Q4,1105769
24,San Luis Potosí,20131,2013-Q1,1077926
24,San Luis Potosí,20132,2013-Q2,1124728
24,San Luis Potosí,20133,2013-Q3,1110049
24,San Luis Potosí,20134,2013-Q4,1150039
24,San Luis Potosí,20141,2014-Q1,1100579
24,San Luis Potosí,20142,2014-Q2,1127096
24,San Luis Potosí,20143,2014-Q3,1121529
24,San Luis Potosí,20144,2014-Q4,1138630
24,San Luis Potosí,20151,2015-Q1,1125332
24,San Luis Potosí,20152,2015-Q2,1150688
24,San Luis Potosí,20153,2015-Q3,1149739
24,San Luis Potosí,20154,2015-Q4,1174432
24,San Luis Potosí,20161,2016-Q1,1158041
24,San Luis Potosí,20162,2016-Q2,1205159
24,San Luis Potosí,20163,2016-Q3,1211050
24,San Luis Potosí,20164,2016-Q4,1190841
24,San Luis Potosí,20171,2017-Q1,1172979
24,San Luis Potosí,20172,2017-Q2,1199278
24,San Luis Potosí,20173,2017-Q3,1210316
24,San Luis Potosí,20174,2017-Q4,1218530
24,San Luis Potosí,20181,2018-Q1,1182796
24,San Luis Potosí,20182,2018-Q2,1223160
24,San Luis Potosí,20183,2018-Q3,1245501
24,San Luis Potosí,20184,2018-Q4,1221282
24,San Luis Potosí,20191,2019-Q1,1214523
24,San Luis Potosí,20192,2019-Q2,1244475
24,San Luis Potosí,20193,2019-Q3,1275554
24,San Luis Potosí,20194,2019-Q4,1253123
24,San Luis Potosí,20201,2020-Q1,1256031
24,San Luis Potosí,20203,2020-Q3,1221778
24,San Luis Potosí,20204,2020-Q4,1259897
24,San Luis Potosí,20211,2021-Q1,1233830
24,San Luis Potosí,20212,2021-Q2,1282326
24,San Luis Potosí,20213,2021-Q3,1311741
24,San Luis Potosí,20214,2021-Q4,1315432
24,San Luis Potosí,20221,2022-Q1,1289621
24,San Luis Potosí,20222,2022-Q2,1285079
24,San Luis Potosí,20223,2022-Q3,1282616
24,San Luis Potosí,20224,2022-Q4,1306723
24,San Luis Potosí,20231,2023-Q1,1306502
24,San Luis Potosí,20232,2023-Q2,1318723
24,San Luis Potosí,20233,2023-Q3,1354977
24,San Luis Potosí,20234,2023-Q4,1351775
24,San Luis Potosí,20241,2024-Q1,1338435
24,San Luis Potosí,20242,2024-Q2,1344815
24,San Luis Potosí,20243,2024-Q3,1357159
24,San Luis Potosí,20244,2024-Q4,1318755
24,San Luis Potosí,20251,2025-Q1,1285696
25,Sinaloa,20101,2010-Q1,1273741
25,Sinaloa,20102,2010-Q2,1260231
25,Sinaloa,20103,2010-Q3,1244398
25,Sinaloa,20104,2010-Q4,1254281
25,Sinaloa,20111,2011-Q1,1247983
25,Sinaloa,20112,2011-Q2,1247989
25,Sinaloa,20113,2011-Q3,1232259
25,Sinaloa,20114,2011-Q4,1294791
25,Sinaloa,20121,2012-Q1,1293650
25,Sinaloa,20122,2012-Q2,1296510
25,Sinaloa,20123,2012-Q3,1281037
25,Sinaloa,20124,2012-Q4,1324241
25,Sinaloa,20131,2013-Q1,1322175
25,Sinaloa,20132,2013-Q2,1329368
25,Sinaloa,20133,2013-Q3,1282870
25,Sinaloa,20134,2013-Q4,1326518
25,Sinaloa,20141,2014-Q1,1317288
25,Sinaloa,20142,2014-Q2,1279310
25,Sinaloa,20143,2014-Q3,1295614
25,Sinaloa,20144,2014-Q4,1371707
25,Sinaloa,20151,2015-Q1,1375331
25,Sinaloa,20152,2015-Q2,1328948
25,Sinaloa,20153,2015-Q3,1330650
25,Sinaloa,20154,2015-Q4,1358096
25,Sinaloa,20161,2016-Q1,1376453
25,Sinaloa,20162,2016-Q2,1342407
25,Sinaloa,20163,2016-Q3,1357716
25,Sinaloa,20164,2016-Q4,1381104
25,Sinaloa,20171,2017-Q1,1376285
25,Sinaloa,20172,2017-Q2,1401111
25,Sinaloa,20173,2017-Q3,1365219
25,Sinaloa,20174,2017-Q4,1381394
25,Sinaloa,20181,2018-Q1,1423285
25,Sinaloa,20182,2018-Q2,1386292
25,Sinaloa,20183,2018-Q3,1358660
25,Sinaloa,20184,2018-Q4,1389771
25,Sinaloa,20191,2019-Q1,1396279
25,Sinaloa,20192,2019-Q2,1406790
25,Sinaloa,20193,2019-Q3,1414050
25,Sinaloa,20194,2019-Q4,1440347
25,Sinaloa,20201,2020-Q1,1431667
25,Sinaloa,20203,2020-Q3,1260847
25,Sinaloa,20204,2020-Q4,1321037
25,Sinaloa,20211,2021-Q1,1348508
25,Sinaloa,20212,2021-Q2,1368104
25,Sinaloa,20213,2021-Q3,1347418
25,Sinaloa,20214,2021-Q4,1380214
25,Sinaloa,20221,2022-Q1,1373253
25,Sinaloa,20222,2022-Q2,1430286
25,Sinaloa,20223,2022-Q3,1414126
25,Sinaloa,20224,2022-Q4,1466293
25,Sinaloa,20231,2023-Q1,1484243
25,Sinaloa,20232,2023-Q2,1472153
25,Sinaloa,20233,2023-Q3,1493727
25,Sinaloa,20234,2023-Q4,1499528
25,Sinaloa,20241,2024-Q1,1481795
25,Sinaloa,20242,2024-Q2,1505813
25,Sinaloa,20243,2024-Q3,1452621
25,Sinaloa,20244,2024-Q4,1479725
25,Sinaloa,20251,2025-Q1,1481009
26,Sonora,20101,2010-Q1,1156656
26,Sonora,20102,2010-Q2,1157423
26,Sonora,20103,2010-Q3,1129195
26,Sonora,20104,2010-Q4,1148109
26,Sonora,20111,2011-Q1,1169177
26,Sonora,20112,2011-Q2,1177126
26,Sonora,20113,2011-Q3,1237542
26,Sonora,20114,2011-Q4,1263018
26,Sonora,20121,2012-Q1,1276007
26,Sonora,20122,2012-Q2,1287307
26,Sonora,20123,2012-Q3,1272666
26,Sonora,20124,2012-Q4,1253737
26,Sonora,20131,2013-Q1,1243595
26,Sonora,20132,2013-Q2,1325809
26,Sonora,20133,2013-Q3,1297421
26,Sonora,20134,2013-Q4,1356891
26,Sonora,20141,2014-Q1,1349469
26,Sonora,20142,2014-Q2,1374834
26,Sonora,20143,2014-Q3,1346920
26,Sonora,20144,2014-Q4,1372652
26,Sonora,20151,2015-Q1,1365524
26,Sonora,20152,2015-Q2,1390367
26,Sonora,20153,2015-Q3,1363500
26,Sonora,20154,2015-Q4,1386422
26,Sonora,20161,2016-Q1,1361998
26,Sonora,20162,2016-Q2,1418100
26,Sonora,20163,2016-Q3,1411926
26,Sonora,20164,2016-Q4,1412624
26,Sonora,20171,2017-Q1,1398527
26,Sonora,20172,2017-Q2,1414120
26,Sonora,20173,2017-Q3,1396889
26,Sonora,20174,2017-Q4,1422873
26,Sonora,20181,2018-Q1,1426957
26,Sonora,20182,2018-Q2,1433258
26,Sonora,20183,2018-Q3,1439270
26,Sonora,20184,2018-Q4,1464617
26,Sonora,20191,2019-Q1,1455698
26,Sonora,20192,2019-Q2,1469205
26,Sonora,20193,2019-Q3,1492121
26,Sonora,20194,2019-Q4,1512652
26,Sonora,20201,2020-Q1,1495721
26,Sonora,20203,2020-Q3,1310632
26,Sonora,20204,2020-Q4,1478717
26,Sonora,20211,2021-Q1,1357424
26,Sonora,20212,2021-Q2,1402025
26,Sonora,20213,2021-Q3,1441117
26,Sonora,20214,2021-Q4,1451618
26,Sonora,20221,2022-Q1,1418883
26,Sonora,20222,2022-Q2,1459021
26,Sonora,20223,2022-Q3,1434526
26,Sonora,20224,2022-Q4,1445570
26,Sonora,20231,2023-Q1,1464753
26,Sonora,20232,2023-Q2,1509288
26,Sonora,20233,2023-Q3,1463755
26,Sonora,20234,2023-Q4,1471449
26,Sonora,20241,2024-Q1,1442258
26,Sonora,20242,2024-Q2,1481774
26,Sonora,20243,2024-Q3,1441995
26,Sonora,20244,2024-Q4,1448172
26,Sonora,20251,2025-Q1,1425411
27,Tabasco,20101,2010-Q1,912229
27,Tabasco,20102,2010-Q2,935266
27,Tabasco,20103,2010-Q3,903700
27,Tabasco,20104,2010-Q4,904727
27,Tabasco,20111,2011-Q1,925206
27,Tabasco,20112,2011-Q2,925441
27,Tabasco,20113,2011-Q3,925280
27,Tabasco,20114,2011-Q4,956138
27,Tabasco,20121,2012-Q1,907985
27,Tabasco,20122,2012-Q2,919052
27,Tabasco,20123,2012-Q3,949132
27,Tabasco,20124,2012-Q4,919467
27,Tabasco,20131,2013-Q1,922534
27,Tabasco,20132,2013-Q2,968826
27,Tabasco,20133,2013-Q3,981251
27,Tabasco,20134,2013-Q4,979766
27,Tabasco,20141,2014-Q1,958488
27,Tabasco,20142,2014-Q2,971838
27,Tabasco,20143,2014-Q3,971328
27,Tabasco,20144,2014-Q4,988823
27,Tabasco,20151,2015-Q1,945744
27,Tabasco,20152,2015-Q2,972873
27,Tabasco,20153,2015-Q3,985398
27,Tabasco,20154,2015-Q4,988960
27,Tabasco,20161,2016-Q1,977138
27,Tabasco,20162,2016-Q2,1020402
27,Tabasco,20163,2016-Q3,990287
27,Tabasco,20164,2016-Q4,1026527
27,Tabasco,20171,2017-Q1,968705
27,Tabasco,20172,2017-Q2,983516
27,Tabasco,20173,2017-Q3,1012348
27,Tabasco,20174,2017-Q4,990981
27,Tabasco,20181,2018-Q1,983468
27,Tabasco,20182,2018-Q2,1023006
27,Tabasco,20183,2018-Q3,1007591
27,Tabasco,20184,2018-Q4,1019337
27,Tabasco,20191,2019-Q1,1013759
27,Tabasco,20192,2019-Q2,1081870
27,Tabasco,20193,2019-Q3,1075972
27,Tabasco,20194,2019-Q4,1076973
27,Tabasco,20201,2020-Q1,1089670
27,Tabasco,20203,2020-Q3,922138
27,Tabasco,20204,2020-Q4,979646
27,Tabasco,20211,2021-Q1,967637
27,Tabasco,20212,2021-Q2,998364
27,Tabasco,20213,2021-Q3,1006358
27,Tabasco,20214,2021-Q4,1004998
27,Tabasco,20221,2022-Q1,1024360
27,Tabasco,20222,2022-Q2,1029537
27,Tabasco,20223,2022-Q3,1048530
27,Tabasco,20224,2022-Q4,1089415
27,Tabasco,20231,2023-Q1,1092772
27,Tabasco,20232,2023-Q2,1074438
27,Tabasco,20233,2023-Q3,1116188
27,Tabasco,20234,2023-Q4,1126918
27,Tabasco,20241,2024-Q1,1118282
27,Tabasco,20242,2024-Q2,1107755
27,Tabasco,20243,2024-Q3,1114366
27,Tabasco,20244,2024-Q4,1150791
27,Tabasco,20251,2025-Q1,1121839
28,Tamaulipas,20101,2010-Q1,1425925
28,Tamaulipas,20102,2010-Q2,1451813
28,Tamaulipas,20103,2010-Q3,1461277
28,Tamaulipas,20104,2010-Q4,1443793
28,Tamaulipas,20111,2011-Q1,1449421
28,Tamaulipas,20112,2011-Q2,1509725
28,Tamaulipas,20113,2011-Q3,1505985
28,Tamaulipas,20114,2011-Q4,1529566
28,Tamaulipas,20121,2012-Q1,1512102
28,Tamaulipas,20122,2012-Q2,1548920
28,Tamaulipas,20123,2012-Q3,1547428
28,Tamaulipas,20124,2012-Q4,1510118
28,Tamaulipas,20131,2013-Q1,1544518
28,Tamaulipas,20132,2013-Q2,1550584
28,Tamaulipas,20133,2013-Q3,1577387
28,Tamaulipas,20134,2013-Q4,1608390
28,Tamaulipas,20141,2014-Q1,1564798
28,Tamaulipas,20142,2014-Q2,1555806
28,Tamaulipas,20143,2014-Q3,1535526
28,Tamaulipas,20144,2014-Q4,1537566
28,Tamaulipas,20151,2015-Q1,1530300
28,Tamaulipas,20152,2015-Q2,1570601
28,Tamaulipas,20153,2015-Q3,1565274
28,Tamaulipas,20154,2015-Q4,1600479
28,Tamaulipas,20161,2016-Q1,1609210
28,Tamaulipas,20162,2016-Q2,1623511
28,Tamaulipas,20163,2016-Q3,1642862
28,Tamaulipas,20164,2016-Q4,1633550
28,Tamaulipas,20171,2017-Q1,1623385
28,Tamaulipas,20172,2017-Q2,1625475
28,Tamaulipas,20173,2017-Q3,1630802
28,Tamaulipas,20174,2017-Q4,1647462
28,Tamaulipas,20181,2018-Q1,1644221
28,Tamaulipas,20182,2018-Q2,1702863
28,Tamaulipas,20183,2018-Q3,1686869
28,Tamaulipas,20184,2018-Q4,1697868
28,Tamaulipas,20191,2019-Q1,1703036
28,Tamaulipas,20192,2019-Q2,1733612
28,Tamaulipas,20193,2019-Q3,1707264
28,Tamaulipas,20194,2019-Q4,1719792
28,Tamaulipas,20201,2020-Q1,1699521
28,Tamaulipas,20203,2020-Q3,1613251
28,Tamaulipas,20204,2020-Q4,1685454
28,Tamaulipas,20211,2021-Q1,1586439
28,Tamaulipas,20212,2021-Q2,1645758
28,Tamaulipas,20213,2021-Q3,1661586
28,Tamaulipas,20214,2021-Q4,1688042
28,Tamaulipas,20221,2022-Q1,1640403
28,Tamaulipas,20222,2022-Q2,1675906
28,Tamaulipas,20223,2022-Q3,1657909
28,Tamaulipas,20224,2022-Q4,1672565
28,Tamaulipas,20231,2023-Q1,1668314
28,Tamaulipas,20232,2023-Q2,1702013
28,Tamaulipas,20233,2023-Q3,1684163
28,Tamaulipas,20234,2023-Q4,1712418
28,Tamaulipas,20241,2024-Q1,1667891
28,Tamaulipas,20242,2024-Q2,1669165
28,Tamaulipas,20243,2024-Q3,1715294
28,Tamaulipas,20244,2024-Q4,1678988
28,Tamaulipas,20251,2025-Q1,1690458
29,Tlaxcala,20101,2010-Q1,477407
29,Tlaxcala,20102,2010-Q2,491926
29,Tlaxcala,20103,2010-Q3,493276
29,Tlaxcala,20104,2010-Q4,484627
29,Tlaxcala,20111,2011-Q1,484263
29,Tlaxcala,20112,2011-Q2,487388
29,Tlaxcala,20113,2011-Q3,509529
29,Tlaxcala,20114,2011-Q4,511982
29,Tlaxcala,20121,2012-Q1,481528
29,Tlaxcala,20122,2012-Q2,519351
29,Tlaxcala,20123,2012-Q3,526161
29,Tlaxcala,20124,2012-Q4,529415
29,Tlaxcala,20131,2013-Q1,526291
29,Tlaxcala,20132,2013-Q2,538088
29,Tlaxcala,20133,2013-Q3,554171
29,Tlaxcala,20134,2013-Q4,539756
29,Tlaxcala,20141,2014-Q1,531499
29,Tlaxcala,20142,2014-Q2,545496
29,Tlaxcala,20143,2014-Q3,549549
29,Tlaxcala,20144,2014-Q4,544945
29,Tlaxcala,20151,2015-Q1,546583
29,Tlaxcala,20152,2015-Q2,566769
29,Tlaxcala,20153,2015-Q3,553604
29,Tlaxcala,20154,2015-Q4,566621
29,Tlaxcala,20161,2016-Q1,558897
29,Tlaxcala,20162,2016-Q2,576124
29,Tlaxcala,20163,2016-Q3,575641
29,Tlaxcala,20164,2016-Q4,580978
29,Tlaxcala,20171,2017-Q1,574251
29,Tlaxcala,20172,2017-Q2,580335
29,Tlaxcala,20173,2017-Q3,583938
29,Tlaxcala,20174,2017-Q4,585404
29,Tlaxcala,20181,2018-Q1,583710
29,Tlaxcala,20182,2018-Q2,589811
29,Tlaxcala,20183,2018-Q3,602414
29,Tlaxcala,20184,2018-Q4,603336
29,Tlaxcala,20191,2019-Q1,608794
29,Tlaxcala,20192,2019-Q2,618451
29,Tlaxcala,20193,2019-Q3,627447
29,Tlaxcala,20194,2019-Q4,623082
29,Tlaxcala,20201,2020-Q1,618948
29,Tlaxcala,20203,2020-Q3,573695
29,Tlaxcala,20204,2020-Q4,612523
29,Tlaxcala,20211,2021-Q1,585720
29,Tlaxcala,20212,2021-Q2,619259
29,Tlaxcala,20213,2021-Q3,626794
29,Tlaxcala,20214,2021-Q4,622461
29,Tlaxcala,20221,2022-Q1,620531
29,Tlaxcala,20222,2022-Q2,630978
29,Tlaxcala,20223,2022-Q3,640198
29,Tlaxcala,20224,2022-Q4,648539
29,Tlaxcala,20231,2023-Q1,650681
29,Tlaxcala,20232,2023-Q2,670784
29,Tlaxcala,20233,2023-Q3,669151
29,Tlaxcala,20234,2023-Q4,669190
29,Tlaxcala,20241,2024-Q1,671439
29,Tlaxcala,20242,2024-Q2,685735
29,Tlaxcala,20243,2024-Q3,695452
29,Tlaxcala,20244,2024-Q4,688851
29,Tlaxcala,20251,2025-Q1,692989
30,Veracruz de Ignacio de la Llave,20101,2010-Q1,3093400
30,Veracruz de Ignacio de la Llave,20102,2010-Q2,3163382
30,Veracruz de Ignacio de la Llave,20103,2010-Q3,3099641
30,Veracruz de Ignacio de la Llave,20104,2010-Q4,3023168
30,Veracruz de Ignacio de la Llave,20111,2011-Q1,3086457
30,Veracruz de Ignacio de la Llave,20112,2011-Q2,3095421
30,Veracruz de Ignacio de la Llave,20113,2011-Q3,3152495
30,Veracruz de Ignacio de la Llave,20114,2011-Q4,3142520
30,Veracruz de Ignacio de la Llave,20121,2012-Q1,3217435
30,Veracruz de Ignacio de la Llave,20122,2012-Q2,3314287
30,Veracruz de Ignacio de la Llave,20123,2012-Q3,3237293
30,Veracruz de Ignacio de la Llave,20124,2012-Q4,3209734
30,Veracruz de Ignacio de la Llave,20131,2013-Q1,3215127
30,Veracruz de Ignacio de la Llave,20132,2013-Q2,3206997
30,Veracruz de Ignacio de la Llave,20133,2013-Q3,3227970
30,Veracruz de Ignacio de la Llave,20134,2013-Q4,3249207
30,Veracruz de Ignacio de la Llave,20141,2014-Q1,3228985
30,Veracruz de Ignacio de la Llave,20142,2014-Q2,3110257
30,Veracruz de Ignacio de la Llave,20143,2014-Q3,3217260
30,Veracruz de Ignacio de la Llave,20144,2014-Q4,3131139
30,Veracruz de Ignacio de la Llave,20151,2015-Q1,3202394
30,Veracruz de Ignacio de la Llave,20152,2015-Q2,3159295
30,Veracruz de Ignacio de la Llave,20153,2015-Q3,3251962
30,Veracruz de Ignacio de la Llave,20154,2015-Q4,3235550
30,Veracruz de Ignacio de la Llave,20161,2016-Q1,3116835
30,Veracruz de Ignacio de la Llave,20162,2016-Q2,3139247
30,Veracruz de Ignacio de la Llave,20163,2016-Q3,3162784
30,Veracruz de Ignacio de la Llave,20164,2016-Q4,3162476
30,Veracruz de Ignacio de la Llave,20171,2017-Q1,3208059
30,Veracruz de Ignacio de la Llave,20172,2017-Q2,3259119
30,Veracruz de Ignacio de la Llave,20173,2017-Q3,3247599
30,Veracruz de Ignacio de la Llave,20174,2017-Q4,3236584
30,Veracruz de Ignacio de la Llave,20181,2018-Q1,3277591
30,Veracruz de Ignacio de la Llave,20182,2018-Q2,3292104
30,Veracruz de Ignacio de la Llave,20183,2018-Q3,3398637
30,Veracruz de Ignacio de la Llave,20184,2018-Q4,3330020
30,Veracruz de Ignacio de la Llave,20191,2019-Q1,3361629
30,Veracruz de Ignacio de la Llave,20192,2019-Q2,3409811
30,Veracruz de Ignacio de la Llave,20193,2019-Q3,3368582
30,Veracruz de Ignacio de la Llave,20194,2019-Q4,3425529
30,Veracruz de Ignacio de la Llave,20201,2020-Q1,3526988
30,Veracruz de Ignacio de la Llave,20203,2020-Q3,3286421
30,Veracruz de Ignacio de la Llave,20204,2020-Q4,3401418
30,Veracruz de Ignacio de la Llave,20211,2021-Q1,3255349
30,Veracruz de Ignacio de la Llave,20212,2021-Q2,3399361
30,Veracruz de Ignacio de la Llave,20213,2021-Q3,3382551
30,Veracruz de Ignacio de la Llave,20214,2021-Q4,3395346
30,Veracruz de Ignacio de la Llave,20221,2022-Q1,3296444
30,Veracruz de Ignacio de la Llave,20222,2022-Q2,3439114
30,Veracruz de Ignacio de la Llave,20223,2022-Q3,3312195
30,Veracruz de Ignacio de la Llave,20224,2022-Q4,3428792
30,Veracruz de Ignacio de la Llave,20231,2023-Q1,3479497
30,Veracruz de Ignacio de la Llave,20232,2023-Q2,3451872
30,Veracruz de Ignacio de la Llave,20233,2023-Q3,3475269
30,Veracruz de Ignacio de la Llave,20234,2023-Q4,3554283
30,Veracruz de Ignacio de la Llave,20241,2024-Q1,3571395
30,Veracruz de Ignacio de la Llave,20242,2024-Q2,3440561
30,Veracruz de Ignacio de la Llave,20243,2024-Q3,3622636
30,Veracruz de Ignacio de la Llave,20244,2024-Q4,3472818
30,Veracruz de Ignacio de la Llave,20251,2025-Q1,3486109
31,Yucatán,20101,2010-Q1,937855
31,Yucatán,20102,2010-Q2,926576
31,Yucatán,20103,2010-Q3,945842
31,Yucatán,20104,2010-Q4,904821
31,Yucatán,20111,2011-Q1,929504
31,Yucatán,20112,2011-Q2,950467
31,Yucatán,20113,2011-Q3,943591
31,Yucatán,20114,2011-Q4,961324
31,Yucatán,20121,2012-Q1,952982
31,Yucatán,20122,2012-Q2,976765
31,Yucatán,20123,2012-Q3,983907
31,Yucatán,20124,2012-Q4,963909
31,Yucatán,20131,2013-Q1,986486
31,Yucatán,20132,2013-Q2,993382
31,Yucatán,20133,2013-Q3,987992
31,Yucatán,20134,2013-Q4,1002360
31,Yucatán,20141,2014-Q1,969882
31,Yucatán,20142,2014-Q2,977161
31,Yucatán,20143,2014-Q3,992126
31,Yucatán,20144,2014-Q4,993185
31,Yucatán,20151,2015-Q1,992365
31,Yucatán,20152,2015-Q2,1005142
31,Yucatán,20153,2015-Q3,1007329
31,Yucatán,20154,2015-Q4,1010211
31,Yucatán,20161,2016-Q1,1004117
31,Yucatán,20162,2016-Q2,1029286
31,Yucatán,20163,2016-Q3,1034368
31,Yucatán,20164,2016-Q4,1050904
31,Yucatán,20171,2017-Q1,1051340
31,Yucatán,20172,2017-Q2,1049230
31,Yucatán,20173,2017-Q3,1046533
31,Yucatán,20174,2017-Q4,1043167
31,Yucatán,20181,2018-Q1,1056553
31,Yucatán,20182,2018-Q2,1073698
31,Yucatán,20183,2018-Q3,1071372
31,Yucatán,20184,2018-Q4,1100165
31,Yucatán,20191,2019-Q1,1094188
31,Yucatán,20192,2019-Q2,1083215
31,Yucatán,20193,2019-Q3,1109747
31,Yucatán,20194,2019-Q4,1111355
31,Yucatán,20201,2020-Q1,1108081
31,Yucatán,20203,2020-Q3,1076965
31,Yucatán,20204,2020-Q4,1121208
31,Yucatán,20211,2021-Q1,1183719
31,Yucatán,20212,2021-Q2,1189011
31,Yucatán,20213,2021-Q3,1157294
31,Yucatán,20214,2021-Q4,1191156
31,Yucatán,20221,2022-Q1,1196624
31,Yucatán,20222,2022-Q2,1224460
31,Yucatán,20223,2022-Q3,1224639
31,Yucatán,20224,2022-Q4,1241444
31,Yucatán,20231,2023-Q1,1217552
31,Yucatán,20232,2023-Q2,1225510
31,Yucatán,20233,2023-Q3,1215297
31,Yucatán,20234,2023-Q4,1228880
31,Yucatán,20241,2024-Q1,1217362
31,Yucatán,20242,2024-Q2,1230038
31,Yucatán,20243,2024-Q3,1251784
31,Yucatán,20244,2024-Q4,1229207
31,Yucatán,20251,2025-Q1,1239857
32,Zacatecas,20101,2010-Q1,573319
32,Zacatecas,20102,2010-Q2,591082
32,Zacatecas,20103,2010-Q3,607043
32,Zacatecas,20104,2010-Q4,614301
32,Zacatecas,20111,2011-Q1,574654
32,Zacatecas,20112,2011-Q2,607054
32,Zacatecas,20113,2011-Q3,630577
32,Zacatecas,20114,2011-Q4,622263
32,Zacatecas,20121,2012-Q1,598457
32,Zacatecas,20122,2012-Q2,635606
32,Zacatecas,20123,2012-Q3,651481
32,Zacatecas,20124,2012-Q4,614295
32,Zacatecas,20131,2013-Q1,580704
32,Zacatecas,20132,2013-Q2,598278
32,Zacatecas,20133,2013-Q3,620007
32,Zacatecas,20134,2013-Q4,627073
32,Zacatecas,20141,2014-Q1,589977
32,Zacatecas,20142,2014-Q2,607073
32,Zacatecas,20143,2014-Q3,628655
32,Zacatecas,20144,2014-Q4,635847
32,Zacatecas,20151,2015-Q1,589269
32,Zacatecas,20152,2015-Q2,624334
32,Zacatecas,20153,2015-Q3,634425
32,Zacatecas,20154,2015-Q4,641538
32,Zacatecas,20161,2016-Q1,608798
32,Zacatecas,20162,2016-Q2,626487
32,Zacatecas,20163,2016-Q3,650391
32,Zacatecas,20164,2016-Q4,641085
32,Zacatecas,20171,2017-Q1,619925
32,Zacatecas,20172,2017-Q2,661407
32,Zacatecas,20173,2017-Q3,645917
32,Zacatecas,20174,2017-Q4,653709
32,Zacatecas,20181,2018-Q1,620933
32,Zacatecas,20182,2018-Q2,655394
32,Zacatecas,20183,2018-Q3,652242
32,Zacatecas,20184,2018-Q4,661187
32,Zacatecas,20191,2019-Q1,644409
32,Zacatecas,20192,2019-Q2,675302
32,Zacatecas,20193,2019-Q3,685486
32,Zacatecas,20194,2019-Q4,685491
32,Zacatecas,20201,2020-Q1,668508
32,Zacatecas,20203,2020-Q3,686901
32,Zacatecas,20204,2020-Q4,704127
32,Zacatecas,20211,2021-Q1,682037
32,Zacatecas,20212,2021-Q2,681082
32,Zacatecas,20213,2021-Q3,708050
32,Zacatecas,20214,2021-Q4,716734
32,Zacatecas,20221,2022-Q1,676958
32,Zacatecas,20222,2022-Q2,701598
32,Zacatecas,20223,2022-Q3,698835
32,Zacatecas,20224,2022-Q4,692465
32,Zacatecas,20231,2023-Q1,668183
32,Zacatecas,20232,2023-Q2,698767
32,Zacatecas,20233,2023-Q3,710839
32,Zacatecas,20234,2023-Q4,679218
32,Zacatecas,20241,2024-Q1,687642
32,Zacatecas,20242,2024-Q2,693704
32,Zacatecas,20243,2024-Q3,707595
32,Zacatecas,20244,2024-Q4,680579
32,Zacatecas,20251,2025-Q1,670058
