State,Quarter,Remittance Amount
Aguascalientes,2013-Q1,70935871
Aguascalientes,2013-Q2,84477649
Aguascalientes,2013-Q3,80581209
Aguascalientes,2013-Q4,80801368
Aguascalientes,2014-Q1,79194217
Aguascalientes,2014-Q2,86552640
Aguascalientes,2014-Q3,83263578
Aguascalientes,2014-Q4,85529141
Aguascalientes,2015-Q1,82780589
Aguascalientes,2015-Q2,90215377
Aguascalientes,2015-Q3,94603534
Aguascalientes,2015-Q4,89495692
Aguascalientes,2016-Q1,91911207
Aguascalientes,2016-Q2,102595278
Aguascalientes,2016-Q3,106148114
Aguascalientes,2016-Q4,105047880
Aguascalientes,2017-Q1,102456887
Aguascalientes,2017-Q2,112822084
Aguascalientes,2017-Q3,114073725
Aguascalientes,2017-Q4,115364536
Aguascalientes,2018-Q1,104536566
Aguascalientes,2018-Q2,130130627
Aguascalientes,2018-Q3,122582918
Aguascalientes,2018-Q4,128919413
Aguascalientes,2019-Q1,112806645
Aguascalientes,2019-Q2,132508135
Aguascalientes,2019-Q3,140864753
Aguascalientes,2019-Q4,131414559
Aguascalientes,2020-Q1,131517236
Aguascalientes,2020-Q2,139349797
Aguascalientes,2020-Q3,139020514
Aguascalientes,2020-Q4,146744625
Aguascalientes,2021-Q1,144694770
Aguascalientes,2021-Q2,184070740
Aguascalientes,2021-Q3,186543672
Aguascalientes,2021-Q4,195681652
Aguascalientes,2022-Q1,175249627
Aguascalientes,2022-Q2,219362254
Aguascalientes,2022-Q3,232453556
Aguascalientes,2022-Q4,233098011
Aguascalientes,2023-Q1,209204458
Aguascalientes,2023-Q2,246882496
Aguascalientes,2023-Q3,246610947
Aguascalientes,2023-Q4,236176085
Aguascalientes,2024-Q1,204737518
Aguascalientes,2024-Q2,252712659
Aguascalientes,2024-Q3,256627249
Aguascalientes,2024-Q4,244101596
Aguascalientes,2025-Q1,216615051
Aguascalientes,2025-Q2,236207949
Baja California,2013-Q1,142221246
Baja California,2013-Q2,164270856
Baja California,2013-Q3,163975015
Baja California,2013-Q4,156201742
Baja California,2014-Q1,149441376
Baja California,2014-Q2,160027234
Baja California,2014-Q3,161000839
Baja California,2014-Q4,159429414
Baja California,2015-Q1,154719725
Baja California,2015-Q2,173437384
Baja California,2015-Q3,179236933
Baja California,2015-Q4,166083550
Baja California,2016-Q1,166873518
Baja California,2016-Q2,177695751
Baja California,2016-Q3,172099173
Baja California,2016-Q4,166893081
Baja California,2017-Q1,169119780
Baja California,2017-Q2,193512158
Baja California,2017-Q3,202181808
Baja California,2017-Q4,199822471
Baja California,2018-Q1,187659185
Baja California,2018-Q2,231235079
Baja California,2018-Q3,225096392
Baja California,2018-Q4,231127239
Baja California,2019-Q1,206565932
Baja California,2019-Q2,239604254
Baja California,2019-Q3,253756901
Baja California,2019-Q4,236067859
Baja California,2020-Q1,257224590
Baja California,2020-Q2,338111357
Baja California,2020-Q3,315498524
Baja California,2020-Q4,304751555
Baja California,2021-Q1,303932482
Baja California,2021-Q2,355913112
Baja California,2021-Q3,362158323
Baja California,2021-Q4,353938235
Baja California,2022-Q1,309260617
Baja California,2022-Q2,354929024
Baja California,2022-Q3,364657126
Baja California,2022-Q4,361941624
Baja California,2023-Q1,332869712
Baja California,2023-Q2,366903315
Baja California,2023-Q3,384958170
Baja California,2023-Q4,362595252
Baja California,2024-Q1,318670700
Baja California,2024-Q2,376692648
Baja California,2024-Q3,374184977
Baja California,2024-Q4,377585242
Baja California,2025-Q1,340163344
Baja California,2025-Q2,472009694
Baja California Sur,2013-Q1,10169926
Baja California Sur,2013-Q2,11503654
Baja California Sur,2013-Q3,10996836
Baja California Sur,2013-Q4,14761132
Baja California Sur,2014-Q1,10452927
Baja California Sur,2014-Q2,11849958
Baja California Sur,2014-Q3,12538076
Baja California Sur,2014-Q4,13224541
Baja California Sur,2015-Q1,11853520
Baja California Sur,2015-Q2,13197655
Baja California Sur,2015-Q3,13758128
Baja California Sur,2015-Q4,13558556
Baja California Sur,2016-Q1,13227017
Baja California Sur,2016-Q2,14641815
Baja California Sur,2016-Q3,14572868
Baja California Sur,2016-Q4,13673604
Baja California Sur,2017-Q1,15253605
Baja California Sur,2017-Q2,16584382
Baja California Sur,2017-Q3,17891617
Baja California Sur,2017-Q4,18232321
Baja California Sur,2018-Q1,17124094
Baja California Sur,2018-Q2,20628090
Baja California Sur,2018-Q3,20381497
Baja California Sur,2018-Q4,21516347
Baja California Sur,2019-Q1,19555512
Baja California Sur,2019-Q2,22690153
Baja California Sur,2019-Q3,23312078
Baja California Sur,2019-Q4,23222247
Baja California Sur,2020-Q1,22267806
Baja California Sur,2020-Q2,25122959
Baja California Sur,2020-Q3,34594857
Baja California Sur,2020-Q4,29125271
Baja California Sur,2021-Q1,28878495
Baja California Sur,2021-Q2,33181994
Baja California Sur,2021-Q3,32949293
Baja California Sur,2021-Q4,32963796
Baja California Sur,2022-Q1,31887682
Baja California Sur,2022-Q2,39835196
Baja California Sur,2022-Q3,66634205
Baja California Sur,2022-Q4,65824396
Baja California Sur,2023-Q1,52724405
Baja California Sur,2023-Q2,47875939
Baja California Sur,2023-Q3,39585259
Baja California Sur,2023-Q4,38088946
Baja California Sur,2024-Q1,34205847
Baja California Sur,2024-Q2,39162415
Baja California Sur,2024-Q3,38579488
Baja California Sur,2024-Q4,38001893
Baja California Sur,2025-Q1,34211967
Baja California Sur,2025-Q2,34033457
Campeche,2013-Q1,12094235
Campeche,2013-Q2,15058430
Campeche,2013-Q3,14269552
Campeche,2013-Q4,15509312
Campeche,2014-Q1,12823638
Campeche,2014-Q2,15710951
Campeche,2014-Q3,15115522
Campeche,2014-Q4,14040085
Campeche,2015-Q1,13261175
Campeche,2015-Q2,15304802
Campeche,2015-Q3,15317832
Campeche,2015-Q4,14280704
Campeche,2016-Q1,14643300
Campeche,2016-Q2,17176312
Campeche,2016-Q3,17709814
Campeche,2016-Q4,17478948
Campeche,2017-Q1,18020062
Campeche,2017-Q2,19604943
Campeche,2017-Q3,20089952
Campeche,2017-Q4,19721965
Campeche,2018-Q1,17431285
Campeche,2018-Q2,21284554
Campeche,2018-Q3,21633828
Campeche,2018-Q4,21376893
Campeche,2019-Q1,19330358
Campeche,2019-Q2,24397503
Campeche,2019-Q3,25001905
Campeche,2019-Q4,22488121
Campeche,2020-Q1,24645626
Campeche,2020-Q2,26201006
Campeche,2020-Q3,36593389
Campeche,2020-Q4,31654159
Campeche,2021-Q1,30316817
Campeche,2021-Q2,38790429
Campeche,2021-Q3,40916275
Campeche,2021-Q4,40882869
Campeche,2022-Q1,34195031
Campeche,2022-Q2,41871326
Campeche,2022-Q3,42860246
Campeche,2022-Q4,41596239
Campeche,2023-Q1,37559391
Campeche,2023-Q2,46110109
Campeche,2023-Q3,47944524
Campeche,2023-Q4,42082173
Campeche,2024-Q1,36052902
Campeche,2024-Q2,45241014
Campeche,2024-Q3,44990328
Campeche,2024-Q4,43012498
Campeche,2025-Q1,39669070
Campeche,2025-Q2,44163663
Coahuila de Zaragoza,2013-Q1,78636965
Coahuila de Zaragoza,2013-Q2,90696362
Coahuila de Zaragoza,2013-Q3,87717667
Coahuila de Zaragoza,2013-Q4,81829214
Coahuila de Zaragoza,2014-Q1,82711346
Coahuila de Zaragoza,2014-Q2,95498750
Coahuila de Zaragoza,2014-Q3,124127464
Coahuila de Zaragoza,2014-Q4,102593589
Coahuila de Zaragoza,2015-Q1,94561501
Coahuila de Zaragoza,2015-Q2,115666429
Coahuila de Zaragoza,2015-Q3,103400214
Coahuila de Zaragoza,2015-Q4,98295631
Coahuila de Zaragoza,2016-Q1,95761817
Coahuila de Zaragoza,2016-Q2,109507958
Coahuila de Zaragoza,2016-Q3,111191809
Coahuila de Zaragoza,2016-Q4,114466015
Coahuila de Zaragoza,2017-Q1,113000038
Coahuila de Zaragoza,2017-Q2,129676078
Coahuila de Zaragoza,2017-Q3,135143220
Coahuila de Zaragoza,2017-Q4,157613875
Coahuila de Zaragoza,2018-Q1,139459366
Coahuila de Zaragoza,2018-Q2,156563295
Coahuila de Zaragoza,2018-Q3,154023739
Coahuila de Zaragoza,2018-Q4,155621677
Coahuila de Zaragoza,2019-Q1,142602415
Coahuila de Zaragoza,2019-Q2,169844348
Coahuila de Zaragoza,2019-Q3,176197563
Coahuila de Zaragoza,2019-Q4,168825772
Coahuila de Zaragoza,2020-Q1,165426805
Coahuila de Zaragoza,2020-Q2,188899446
Coahuila de Zaragoza,2020-Q3,188909080
Coahuila de Zaragoza,2020-Q4,191299076
Coahuila de Zaragoza,2021-Q1,189834117
Coahuila de Zaragoza,2021-Q2,237284507
Coahuila de Zaragoza,2021-Q3,247536675
Coahuila de Zaragoza,2021-Q4,249949296
Coahuila de Zaragoza,2022-Q1,222282805
Coahuila de Zaragoza,2022-Q2,266098533
Coahuila de Zaragoza,2022-Q3,277670279
Coahuila de Zaragoza,2022-Q4,295143070
Coahuila de Zaragoza,2023-Q1,253390046
Coahuila de Zaragoza,2023-Q2,267738822
Coahuila de Zaragoza,2023-Q3,277173065
Coahuila de Zaragoza,2023-Q4,253534180
Coahuila de Zaragoza,2024-Q1,213294858
Coahuila de Zaragoza,2024-Q2,250879154
Coahuila de Zaragoza,2024-Q3,246918558
Coahuila de Zaragoza,2024-Q4,240081217
Coahuila de Zaragoza,2025-Q1,201325101
Coahuila de Zaragoza,2025-Q2,210578694
Colima,2013-Q1,43074770
Colima,2013-Q2,51636923
Colima,2013-Q3,47865723
Colima,2013-Q4,47530733
Colima,2014-Q1,47119522
Colima,2014-Q2,47626761
Colima,2014-Q3,70717774
Colima,2014-Q4,58408464
Colima,2015-Q1,58967086
Colima,2015-Q2,63022731
Colima,2015-Q3,57222817
Colima,2015-Q4,55564296
Colima,2016-Q1,57462817
Colima,2016-Q2,63189883
Colima,2016-Q3,65239254
Colima,2016-Q4,72064000
Colima,2017-Q1,66234505
Colima,2017-Q2,77768869
Colima,2017-Q3,79606139
Colima,2017-Q4,87913984
Colima,2018-Q1,85641303
Colima,2018-Q2,85943985
Colima,2018-Q3,76066777
Colima,2018-Q4,83390095
Colima,2019-Q1,68846393
Colima,2019-Q2,78791088
Colima,2019-Q3,81862436
Colima,2019-Q4,82436022
Colima,2020-Q1,85643637
Colima,2020-Q2,89132945
Colima,2020-Q3,88738620
Colima,2020-Q4,95872612
Colima,2021-Q1,98987386
Colima,2021-Q2,113577936
Colima,2021-Q3,112763321
Colima,2021-Q4,119139421
Colima,2022-Q1,107578631
Colima,2022-Q2,109539077
Colima,2022-Q3,118812774
Colima,2022-Q4,131900388
Colima,2023-Q1,114862593
Colima,2023-Q2,122731358
Colima,2023-Q3,127621005
Colima,2023-Q4,114261324
Colima,2024-Q1,105857239
Colima,2024-Q2,123407878
Colima,2024-Q3,113860621
Colima,2024-Q4,111987789
Colima,2025-Q1,98470402
Colima,2025-Q2,102014746
Chiapas,2013-Q1,120173353
Chiapas,2013-Q2,143305482
Chiapas,2013-Q3,133510404
Chiapas,2013-Q4,123495546
Chiapas,2014-Q1,130227758
Chiapas,2014-Q2,151477344
Chiapas,2014-Q3,111622914
Chiapas,2014-Q4,126354134
Chiapas,2015-Q1,131116110
Chiapas,2015-Q2,138976843
Chiapas,2015-Q3,164466179
Chiapas,2015-Q4,158671974
Chiapas,2016-Q1,149641325
Chiapas,2016-Q2,148717836
Chiapas,2016-Q3,148138289
Chiapas,2016-Q4,146538405
Chiapas,2017-Q1,157838074
Chiapas,2017-Q2,165364379
Chiapas,2017-Q3,171654907
Chiapas,2017-Q4,173418664
Chiapas,2018-Q1,173940631
Chiapas,2018-Q2,217382008
Chiapas,2018-Q3,223290054
Chiapas,2018-Q4,230352144
Chiapas,2019-Q1,227687850
Chiapas,2019-Q2,286996469
Chiapas,2019-Q3,276814982
Chiapas,2019-Q4,243246563
Chiapas,2020-Q1,258095686
Chiapas,2020-Q2,263659502
Chiapas,2020-Q3,328723366
Chiapas,2020-Q4,330614558
Chiapas,2021-Q1,357396350
Chiapas,2021-Q2,460947781
Chiapas,2021-Q3,541594904
Chiapas,2021-Q4,575588047
Chiapas,2022-Q1,609332627
Chiapas,2022-Q2,772546973
Chiapas,2022-Q3,857219533
Chiapas,2022-Q4,951611876
Chiapas,2023-Q1,962290353
Chiapas,2023-Q2,1101219560
Chiapas,2023-Q3,1194064969
Chiapas,2023-Q4,1109714011
Chiapas,2024-Q1,917436471
Chiapas,2024-Q2,1099697275
Chiapas,2024-Q3,1086400145
Chiapas,2024-Q4,1064899973
Chiapas,2025-Q1,971383012
Chiapas,2025-Q2,1067439013
Chihuahua,2013-Q1,125691646
Chihuahua,2013-Q2,142405054
Chihuahua,2013-Q3,137172092
Chihuahua,2013-Q4,128273563
Chihuahua,2014-Q1,137138586
Chihuahua,2014-Q2,151585160
Chihuahua,2014-Q3,129269606
Chihuahua,2014-Q4,147722793
Chihuahua,2015-Q1,143827416
Chihuahua,2015-Q2,179534492
Chihuahua,2015-Q3,175270345
Chihuahua,2015-Q4,164186597
Chihuahua,2016-Q1,165693549
Chihuahua,2016-Q2,184841150
Chihuahua,2016-Q3,188608839
Chihuahua,2016-Q4,176385168
Chihuahua,2017-Q1,187878990
Chihuahua,2017-Q2,205669570
Chihuahua,2017-Q3,215593020
Chihuahua,2017-Q4,219362580
Chihuahua,2018-Q1,205260532
Chihuahua,2018-Q2,266306354
Chihuahua,2018-Q3,261495629
Chihuahua,2018-Q4,262269020
Chihuahua,2019-Q1,247390025
Chihuahua,2019-Q2,304594113
Chihuahua,2019-Q3,311996913
Chihuahua,2019-Q4,283381431
Chihuahua,2020-Q1,288995109
Chihuahua,2020-Q2,357254364
Chihuahua,2020-Q3,322906901
Chihuahua,2020-Q4,314945645
Chihuahua,2021-Q1,344344954
Chihuahua,2021-Q2,422325996
Chihuahua,2021-Q3,430940879
Chihuahua,2021-Q4,399833345
Chihuahua,2022-Q1,342722996
Chihuahua,2022-Q2,428479937
Chihuahua,2022-Q3,435342057
Chihuahua,2022-Q4,419381069
Chihuahua,2023-Q1,394834132
Chihuahua,2023-Q2,418617698
Chihuahua,2023-Q3,401775104
Chihuahua,2023-Q4,376651677
Chihuahua,2024-Q1,321950228
Chihuahua,2024-Q2,388438566
Chihuahua,2024-Q3,396921449
Chihuahua,2024-Q4,370196846
Chihuahua,2025-Q1,320892215
Chihuahua,2025-Q2,328519719
Ciudad de México,2013-Q1,311944593
Ciudad de México,2013-Q2,393151626
Ciudad de México,2013-Q3,379887392
Ciudad de México,2013-Q4,359940271
Ciudad de México,2014-Q1,421770333
Ciudad de México,2014-Q2,451567709
Ciudad de México,2014-Q3,347976749
Ciudad de México,2014-Q4,337483821
Ciudad de México,2015-Q1,256747146
Ciudad de México,2015-Q2,272139885
Ciudad de México,2015-Q3,275327287
Ciudad de México,2015-Q4,289985787
Ciudad de México,2016-Q1,319174050
Ciudad de México,2016-Q2,361972121
Ciudad de México,2016-Q3,379647576
Ciudad de México,2016-Q4,374532215
Ciudad de México,2017-Q1,313204213
Ciudad de México,2017-Q2,332853041
Ciudad de México,2017-Q3,345980982
Ciudad de México,2017-Q4,338172297
Ciudad de México,2018-Q1,307552694
Ciudad de México,2018-Q2,387662227
Ciudad de México,2018-Q3,354326678
Ciudad de México,2018-Q4,417082753
Ciudad de México,2019-Q1,389560795
Ciudad de México,2019-Q2,452389899
Ciudad de México,2019-Q3,469853662
Ciudad de México,2019-Q4,449808917
Ciudad de México,2020-Q1,491997465
Ciudad de México,2020-Q2,510131177
Ciudad de México,2020-Q3,598327342
Ciudad de México,2020-Q4,593791231
Ciudad de México,2021-Q1,628771132
Ciudad de México,2021-Q2,740012491
Ciudad de México,2021-Q3,796218219
Ciudad de México,2021-Q4,835275329
Ciudad de México,2022-Q1,689858881
Ciudad de México,2022-Q2,814125419
Ciudad de México,2022-Q3,860321856
Ciudad de México,2022-Q4,819895710
Ciudad de México,2023-Q1,752989051
Ciudad de México,2023-Q2,887307007
Ciudad de México,2023-Q3,987946613
Ciudad de México,2023-Q4,1239696024
Ciudad de México,2024-Q1,1064146311
Ciudad de México,2024-Q2,1298246592
Ciudad de México,2024-Q3,1194825394
Ciudad de México,2024-Q4,1127472809
Ciudad de México,2025-Q1,942873312
Ciudad de México,2025-Q2,817672727
Durango,2013-Q1,104577424
Durango,2013-Q2,127080800
Durango,2013-Q3,123384073
Durango,2013-Q4,120823846
Durango,2014-Q1,110829239
Durango,2014-Q2,129667000
Durango,2014-Q3,134311235
Durango,2014-Q4,132986331
Durango,2015-Q1,120570709
Durango,2015-Q2,201946501
Durango,2015-Q3,149878620
Durango,2015-Q4,138043262
Durango,2016-Q1,131825190
Durango,2016-Q2,159115793
Durango,2016-Q3,168865426
Durango,2016-Q4,161356878
Durango,2017-Q1,153625183
Durango,2017-Q2,186625770
Durango,2017-Q3,200859919
Durango,2017-Q4,195645296
Durango,2018-Q1,164321369
Durango,2018-Q2,225646876
Durango,2018-Q3,226456184
Durango,2018-Q4,217350653
Durango,2019-Q1,182717622
Durango,2019-Q2,232089094
Durango,2019-Q3,255822670
Durango,2019-Q4,233271984
Durango,2020-Q1,221301128
Durango,2020-Q2,248427405
Durango,2020-Q3,254971795
Durango,2020-Q4,262520294
Durango,2021-Q1,254572986
Durango,2021-Q2,335161352
Durango,2021-Q3,339461893
Durango,2021-Q4,343448227
Durango,2022-Q1,278508423
Durango,2022-Q2,349150229
Durango,2022-Q3,370489521
Durango,2022-Q4,363619226
Durango,2023-Q1,299000963
Durango,2023-Q2,359601277
Durango,2023-Q3,380017103
Durango,2023-Q4,352417438
Durango,2024-Q1,281762882
Durango,2024-Q2,365110791
Durango,2024-Q3,374396457
Durango,2024-Q4,349463252
Durango,2025-Q1,284393356
Durango,2025-Q2,329517196
Guanajuato,2013-Q1,470724076
Guanajuato,2013-Q2,587435448
Guanajuato,2013-Q3,526789995
Guanajuato,2013-Q4,495319993
Guanajuato,2014-Q1,508357286
Guanajuato,2014-Q2,584438957
Guanajuato,2014-Q3,558178777
Guanajuato,2014-Q4,511024240
Guanajuato,2015-Q1,521286071
Guanajuato,2015-Q2,549636400
Guanajuato,2015-Q3,623359348
Guanajuato,2015-Q4,563482008
Guanajuato,2016-Q1,557394421
Guanajuato,2016-Q2,640021760
Guanajuato,2016-Q3,639005862
Guanajuato,2016-Q4,623198329
Guanajuato,2017-Q1,618644126
Guanajuato,2017-Q2,722198595
Guanajuato,2017-Q3,722222803
Guanajuato,2017-Q4,743159802
Guanajuato,2018-Q1,645489423
Guanajuato,2018-Q2,847337656
Guanajuato,2018-Q3,788758171
Guanajuato,2018-Q4,827061704
Guanajuato,2019-Q1,705086950
Guanajuato,2019-Q2,877632551
Guanajuato,2019-Q3,928713422
Guanajuato,2019-Q4,876777858
Guanajuato,2020-Q1,839525732
Guanajuato,2020-Q2,937053277
Guanajuato,2020-Q3,870975653
Guanajuato,2020-Q4,904995547
Guanajuato,2021-Q1,883929563
Guanajuato,2021-Q2,1129630383
Guanajuato,2021-Q3,1152164521
Guanajuato,2021-Q4,1214598569
Guanajuato,2022-Q1,1048754560
Guanajuato,2022-Q2,1321902379
Guanajuato,2022-Q3,1351715997
Guanajuato,2022-Q4,1331519807
Guanajuato,2023-Q1,1173061220
Guanajuato,2023-Q2,1411259849
Guanajuato,2023-Q3,1438283045
Guanajuato,2023-Q4,1391865700
Guanajuato,2024-Q1,1175847513
Guanajuato,2024-Q2,1492361503
Guanajuato,2024-Q3,1520192372
Guanajuato,2024-Q4,1456881650
Guanajuato,2025-Q1,1216969377
Guanajuato,2025-Q2,1387251691
Guerrero,2013-Q1,292874072
Guerrero,2013-Q2,343459551
Guerrero,2013-Q3,297932979
Guerrero,2013-Q4,315762168
Guerrero,2014-Q1,296634237
Guerrero,2014-Q2,326511491
Guerrero,2014-Q3,326712479
Guerrero,2014-Q4,295317395
Guerrero,2015-Q1,293398991
Guerrero,2015-Q2,347612774
Guerrero,2015-Q3,338820996
Guerrero,2015-Q4,333296465
Guerrero,2016-Q1,341976776
Guerrero,2016-Q2,369409070
Guerrero,2016-Q3,339325976
Guerrero,2016-Q4,355701848
Guerrero,2017-Q1,368274203
Guerrero,2017-Q2,395552109
Guerrero,2017-Q3,373040446
Guerrero,2017-Q4,398173000
Guerrero,2018-Q1,374552222
Guerrero,2018-Q2,451738939
Guerrero,2018-Q3,405166880
Guerrero,2018-Q4,437888149
Guerrero,2019-Q1,406172970
Guerrero,2019-Q2,472901122
Guerrero,2019-Q3,467014155
Guerrero,2019-Q4,458679842
Guerrero,2020-Q1,486921463
Guerrero,2020-Q2,466276309
Guerrero,2020-Q3,502299621
Guerrero,2020-Q4,551210402
Guerrero,2021-Q1,559459137
Guerrero,2021-Q2,684974472
Guerrero,2021-Q3,687271172
Guerrero,2021-Q4,750346740
Guerrero,2022-Q1,673054686
Guerrero,2022-Q2,778620777
Guerrero,2022-Q3,761440509
Guerrero,2022-Q4,776956977
Guerrero,2023-Q1,721681138
Guerrero,2023-Q2,826064900
Guerrero,2023-Q3,831907614
Guerrero,2023-Q4,802314275
Guerrero,2024-Q1,703326042
Guerrero,2024-Q2,879923717
Guerrero,2024-Q3,841549919
Guerrero,2024-Q4,861419070
Guerrero,2025-Q1,797985948
Guerrero,2025-Q2,856996179
Hidalgo,2013-Q1,139040495
Hidalgo,2013-Q2,173392489
Hidalgo,2013-Q3,175414489
Hidalgo,2013-Q4,165617861
Hidalgo,2014-Q1,140227830
Hidalgo,2014-Q2,170612773
Hidalgo,2014-Q3,195518466
Hidalgo,2014-Q4,238265499
Hidalgo,2015-Q1,186264064
Hidalgo,2015-Q2,187413322
Hidalgo,2015-Q3,198010423
Hidalgo,2015-Q4,176615216
Hidalgo,2016-Q1,170680601
Hidalgo,2016-Q2,206612227
Hidalgo,2016-Q3,207097315
Hidalgo,2016-Q4,200819502
Hidalgo,2017-Q1,194540050
Hidalgo,2017-Q2,220916660
Hidalgo,2017-Q3,220762886
Hidalgo,2017-Q4,222700834
Hidalgo,2018-Q1,190249234
Hidalgo,2018-Q2,257201508
Hidalgo,2018-Q3,242716778
Hidalgo,2018-Q4,242311398
Hidalgo,2019-Q1,205982733
Hidalgo,2019-Q2,261254459
Hidalgo,2019-Q3,275170520
Hidalgo,2019-Q4,246436745
Hidalgo,2020-Q1,239891687
Hidalgo,2020-Q2,257769346
Hidalgo,2020-Q3,286882484
Hidalgo,2020-Q4,272453131
Hidalgo,2021-Q1,261818802
Hidalgo,2021-Q2,337394442
Hidalgo,2021-Q3,356822170
Hidalgo,2021-Q4,369363149
Hidalgo,2022-Q1,352088032
Hidalgo,2022-Q2,417044687
Hidalgo,2022-Q3,450763819
Hidalgo,2022-Q4,472626064
Hidalgo,2023-Q1,380054534
Hidalgo,2023-Q2,453009199
Hidalgo,2023-Q3,480119050
Hidalgo,2023-Q4,441594710
Hidalgo,2024-Q1,374753584
Hidalgo,2024-Q2,478077373
Hidalgo,2024-Q3,480032886
Hidalgo,2024-Q4,451476024
Hidalgo,2025-Q1,395523389
Hidalgo,2025-Q2,447926039
Jalisco,2013-Q1,419239248
Jalisco,2013-Q2,496230131
Jalisco,2013-Q3,453553275
Jalisco,2013-Q4,449173932
Jalisco,2014-Q1,477381715
Jalisco,2014-Q2,506438214
Jalisco,2014-Q3,476572531
Jalisco,2014-Q4,559887155
Jalisco,2015-Q1,551452673
Jalisco,2015-Q2,516854851
Jalisco,2015-Q3,591559864
Jalisco,2015-Q4,566204668
Jalisco,2016-Q1,599090377
Jalisco,2016-Q2,666038387
Jalisco,2016-Q3,652823978
Jalisco,2016-Q4,663225192
Jalisco,2017-Q1,665457402
Jalisco,2017-Q2,730088275
Jalisco,2017-Q3,735235770
Jalisco,2017-Q4,787160781
Jalisco,2018-Q1,718783583
Jalisco,2018-Q2,914500621
Jalisco,2018-Q3,816895463
Jalisco,2018-Q4,897937120
Jalisco,2019-Q1,784268166
Jalisco,2019-Q2,916809171
Jalisco,2019-Q3,955350667
Jalisco,2019-Q4,913672270
Jalisco,2020-Q1,1007762893
Jalisco,2020-Q2,1060550792
Jalisco,2020-Q3,1057441399
Jalisco,2020-Q4,1103949692
Jalisco,2021-Q1,1192904643
Jalisco,2021-Q2,1356191211
Jalisco,2021-Q3,1333587480
Jalisco,2021-Q4,1402939295
Jalisco,2022-Q1,1208633707
Jalisco,2022-Q2,1393679474
Jalisco,2022-Q3,1409476328
Jalisco,2022-Q4,1377221735
Jalisco,2023-Q1,1261476002
Jalisco,2023-Q2,1378739205
Jalisco,2023-Q3,1382039150
Jalisco,2023-Q4,1333631095
Jalisco,2024-Q1,1203688312
Jalisco,2024-Q2,1440052118
Jalisco,2024-Q3,1448236224
Jalisco,2024-Q4,1411121320
Jalisco,2025-Q1,1248592006
Jalisco,2025-Q2,1260464060
Estado de México,2013-Q1,345658323
Estado de México,2013-Q2,406322646
Estado de México,2013-Q3,379904981
Estado de México,2013-Q4,353841916
Estado de México,2014-Q1,349965491
Estado de México,2014-Q2,387826045
Estado de México,2014-Q3,381450299
Estado de México,2014-Q4,392776629
Estado de México,2015-Q1,380228048
Estado de México,2015-Q2,408153188
Estado de México,2015-Q3,416712572
Estado de México,2015-Q4,397406931
Estado de México,2016-Q1,389767808
Estado de México,2016-Q2,426820675
Estado de México,2016-Q3,411118350
Estado de México,2016-Q4,422518090
Estado de México,2017-Q1,422436786
Estado de México,2017-Q2,454914916
Estado de México,2017-Q3,461292470
Estado de México,2017-Q4,475831357
Estado de México,2018-Q1,426818049
Estado de México,2018-Q2,526471248
Estado de México,2018-Q3,496562115
Estado de México,2018-Q4,518059226
Estado de México,2019-Q1,464375487
Estado de México,2019-Q2,551826323
Estado de México,2019-Q3,558373352
Estado de México,2019-Q4,534848547
Estado de México,2020-Q1,557085334
Estado de México,2020-Q2,548383005
Estado de México,2020-Q3,716782403
Estado de México,2020-Q4,673007646
Estado de México,2021-Q1,650274757
Estado de México,2021-Q2,812437366
Estado de México,2021-Q3,859223081
Estado de México,2021-Q4,894101747
Estado de México,2022-Q1,781895943
Estado de México,2022-Q2,904857205
Estado de México,2022-Q3,916569088
Estado de México,2022-Q4,951282035
Estado de México,2023-Q1,820491838
Estado de México,2023-Q2,1158522821
Estado de México,2023-Q3,1260378090
Estado de México,2023-Q4,1114364664
Estado de México,2024-Q1,1029435766
Estado de México,2024-Q2,1241144801
Estado de México,2024-Q3,1235129699
Estado de México,2024-Q4,1095785582
Estado de México,2025-Q1,890688553
Estado de México,2025-Q2,933680731
Michoacán de Ocampo,2013-Q1,492796312
Michoacán de Ocampo,2013-Q2,576041747
Michoacán de Ocampo,2013-Q3,526079583
Michoacán de Ocampo,2013-Q4,529383989
Michoacán de Ocampo,2014-Q1,538014141
Michoacán de Ocampo,2014-Q2,581568923
Michoacán de Ocampo,2014-Q3,575991937
Michoacán de Ocampo,2014-Q4,624530482
Michoacán de Ocampo,2015-Q1,620446794
Michoacán de Ocampo,2015-Q2,598479144
Michoacán de Ocampo,2015-Q3,678555979
Michoacán de Ocampo,2015-Q4,653452691
Michoacán de Ocampo,2016-Q1,659286062
Michoacán de Ocampo,2016-Q2,720357645
Michoacán de Ocampo,2016-Q3,702657428
Michoacán de Ocampo,2016-Q4,739157856
Michoacán de Ocampo,2017-Q1,720776862
Michoacán de Ocampo,2017-Q2,781654588
Michoacán de Ocampo,2017-Q3,771493502
Michoacán de Ocampo,2017-Q4,849436397
Michoacán de Ocampo,2018-Q1,750739660
Michoacán de Ocampo,2018-Q2,938080172
Michoacán de Ocampo,2018-Q3,849496372
Michoacán de Ocampo,2018-Q4,964998164
Michoacán de Ocampo,2019-Q1,805366401
Michoacán de Ocampo,2019-Q2,943669245
Michoacán de Ocampo,2019-Q3,988416499
Michoacán de Ocampo,2019-Q4,981377607
Michoacán de Ocampo,2020-Q1,991124652
Michoacán de Ocampo,2020-Q2,1039668999
Michoacán de Ocampo,2020-Q3,1030011281
Michoacán de Ocampo,2020-Q4,1125181448
Michoacán de Ocampo,2021-Q1,1082087969
Michoacán de Ocampo,2021-Q2,1319442961
Michoacán de Ocampo,2021-Q3,1307481116
Michoacán de Ocampo,2021-Q4,1385199175
Michoacán de Ocampo,2022-Q1,1180876004
Michoacán de Ocampo,2022-Q2,1378154193
Michoacán de Ocampo,2022-Q3,1386960686
Michoacán de Ocampo,2022-Q4,1394901620
Michoacán de Ocampo,2023-Q1,1222551182
Michoacán de Ocampo,2023-Q2,1386533610
Michoacán de Ocampo,2023-Q3,1386980380
Michoacán de Ocampo,2023-Q4,1413516438
Michoacán de Ocampo,2024-Q1,1221617378
Michoacán de Ocampo,2024-Q2,1462011936
Michoacán de Ocampo,2024-Q3,1479069284
Michoacán de Ocampo,2024-Q4,1483898901
Michoacán de Ocampo,2025-Q1,1267818907
Michoacán de Ocampo,2025-Q2,1328874208
Morelos,2013-Q1,122011548
Morelos,2013-Q2,145280960
Morelos,2013-Q3,132279057
Morelos,2013-Q4,133876227
Morelos,2014-Q1,123960434
Morelos,2014-Q2,148241514
Morelos,2014-Q3,135852226
Morelos,2014-Q4,137322700
Morelos,2015-Q1,131356658
Morelos,2015-Q2,169272906
Morelos,2015-Q3,147001442
Morelos,2015-Q4,142045403
Morelos,2016-Q1,142136502
Morelos,2016-Q2,155549317
Morelos,2016-Q3,148820554
Morelos,2016-Q4,151261524
Morelos,2017-Q1,152046927
Morelos,2017-Q2,170057638
Morelos,2017-Q3,169762832
Morelos,2017-Q4,169766846
Morelos,2018-Q1,151196879
Morelos,2018-Q2,186184634
Morelos,2018-Q3,175186978
Morelos,2018-Q4,183336324
Morelos,2019-Q1,163311703
Morelos,2019-Q2,191355963
Morelos,2019-Q3,193356844
Morelos,2019-Q4,181586915
Morelos,2020-Q1,183771412
Morelos,2020-Q2,179658343
Morelos,2020-Q3,203569404
Morelos,2020-Q4,215072616
Morelos,2021-Q1,208867655
Morelos,2021-Q2,262154409
Morelos,2021-Q3,278270787
Morelos,2021-Q4,280418932
Morelos,2022-Q1,238124356
Morelos,2022-Q2,277835384
Morelos,2022-Q3,293767696
Morelos,2022-Q4,301410057
Morelos,2023-Q1,257792892
Morelos,2023-Q2,295120992
Morelos,2023-Q3,311185052
Morelos,2023-Q4,284975837
Morelos,2024-Q1,249548862
Morelos,2024-Q2,303678814
Morelos,2024-Q3,299743907
Morelos,2024-Q4,291220629
Morelos,2025-Q1,263355220
Morelos,2025-Q2,293387713
Nayarit,2013-Q1,74110156
Nayarit,2013-Q2,87814493
Nayarit,2013-Q3,88063429
Nayarit,2013-Q4,82886663
Nayarit,2014-Q1,82131481
Nayarit,2014-Q2,92512126
Nayarit,2014-Q3,99630944
Nayarit,2014-Q4,99432545
Nayarit,2015-Q1,91101764
Nayarit,2015-Q2,91458249
Nayarit,2015-Q3,115189380
Nayarit,2015-Q4,104594790
Nayarit,2016-Q1,97494630
Nayarit,2016-Q2,113292184
Nayarit,2016-Q3,121289154
Nayarit,2016-Q4,116280867
Nayarit,2017-Q1,109137068
Nayarit,2017-Q2,125037687
Nayarit,2017-Q3,136732197
Nayarit,2017-Q4,137555404
Nayarit,2018-Q1,114038267
Nayarit,2018-Q2,148196297
Nayarit,2018-Q3,144545732
Nayarit,2018-Q4,154513492
Nayarit,2019-Q1,126775255
Nayarit,2019-Q2,154201143
Nayarit,2019-Q3,164774827
Nayarit,2019-Q4,153644166
Nayarit,2020-Q1,153024879
Nayarit,2020-Q2,167038590
Nayarit,2020-Q3,185178865
Nayarit,2020-Q4,189050393
Nayarit,2021-Q1,184369805
Nayarit,2021-Q2,228044038
Nayarit,2021-Q3,225071746
Nayarit,2021-Q4,232966913
Nayarit,2022-Q1,188982482
Nayarit,2022-Q2,224742311
Nayarit,2022-Q3,225533452
Nayarit,2022-Q4,229193105
Nayarit,2023-Q1,195214274
Nayarit,2023-Q2,227159904
Nayarit,2023-Q3,228863855
Nayarit,2023-Q4,223590956
Nayarit,2024-Q1,191333678
Nayarit,2024-Q2,230016950
Nayarit,2024-Q3,221151578
Nayarit,2024-Q4,215150161
Nayarit,2025-Q1,184541359
Nayarit,2025-Q2,197330379
Nuevo León,2013-Q1,154999866
Nuevo León,2013-Q2,158088612
Nuevo León,2013-Q3,151550061
Nuevo León,2013-Q4,147096173
Nuevo León,2014-Q1,144649949
Nuevo León,2014-Q2,161476441
Nuevo León,2014-Q3,161355891
Nuevo León,2014-Q4,162087127
Nuevo León,2015-Q1,149654968
Nuevo León,2015-Q2,171364693
Nuevo León,2015-Q3,171012701
Nuevo León,2015-Q4,161856042
Nuevo León,2016-Q1,159573665
Nuevo León,2016-Q2,169719955
Nuevo León,2016-Q3,160019791
Nuevo León,2016-Q4,174867224
Nuevo León,2017-Q1,204000244
Nuevo León,2017-Q2,222295654
Nuevo León,2017-Q3,223123843
Nuevo León,2017-Q4,234257799
Nuevo León,2018-Q1,209779914
Nuevo León,2018-Q2,258396701
Nuevo León,2018-Q3,241739530
Nuevo León,2018-Q4,241741999
Nuevo León,2019-Q1,219818851
Nuevo León,2019-Q2,259411280
Nuevo León,2019-Q3,256175865
Nuevo León,2019-Q4,239893813
Nuevo León,2020-Q1,232194484
Nuevo León,2020-Q2,252284187
Nuevo León,2020-Q3,283489977
Nuevo León,2020-Q4,276556423
Nuevo León,2021-Q1,267977252
Nuevo León,2021-Q2,345343796
Nuevo León,2021-Q3,359827031
Nuevo León,2021-Q4,357109004
Nuevo León,2022-Q1,309918488
Nuevo León,2022-Q2,378950996
Nuevo León,2022-Q3,383648387
Nuevo León,2022-Q4,382036975
Nuevo León,2023-Q1,337933009
Nuevo León,2023-Q2,371593927
Nuevo León,2023-Q3,389030421
Nuevo León,2023-Q4,373154692
Nuevo León,2024-Q1,323164001
Nuevo León,2024-Q2,395489944
Nuevo León,2024-Q3,320715697
Nuevo León,2024-Q4,315615878
Nuevo León,2025-Q1,270201277
Nuevo León,2025-Q2,289490164
Oaxaca,2013-Q1,273916195
Oaxaca,2013-Q2,330144569
Oaxaca,2013-Q3,303192865
Oaxaca,2013-Q4,286320114
Oaxaca,2014-Q1,291972110
Oaxaca,2014-Q2,319240619
Oaxaca,2014-Q3,321483322
Oaxaca,2014-Q4,323984806
Oaxaca,2015-Q1,316612044
Oaxaca,2015-Q2,309891479
Oaxaca,2015-Q3,353629114
Oaxaca,2015-Q4,318945215
Oaxaca,2016-Q1,333084092
Oaxaca,2016-Q2,371477069
Oaxaca,2016-Q3,372749013
Oaxaca,2016-Q4,383629509
Oaxaca,2017-Q1,388090235
Oaxaca,2017-Q2,397208589
Oaxaca,2017-Q3,391882250
Oaxaca,2017-Q4,403261190
Oaxaca,2018-Q1,378362909
Oaxaca,2018-Q2,491659679
Oaxaca,2018-Q3,443046777
Oaxaca,2018-Q4,476882838
Oaxaca,2019-Q1,408608046
Oaxaca,2019-Q2,484777263
Oaxaca,2019-Q3,517644664
Oaxaca,2019-Q4,462819323
Oaxaca,2020-Q1,499134880
Oaxaca,2020-Q2,432797243
Oaxaca,2020-Q3,520210206
Oaxaca,2020-Q4,508959247
Oaxaca,2021-Q1,513246574
Oaxaca,2021-Q2,622666252
Oaxaca,2021-Q3,642873714
Oaxaca,2021-Q4,682070952
Oaxaca,2022-Q1,631722597
Oaxaca,2022-Q2,753967189
Oaxaca,2022-Q3,782755756
Oaxaca,2022-Q4,769496452
Oaxaca,2023-Q1,710657055
Oaxaca,2023-Q2,814110243
Oaxaca,2023-Q3,869043241
Oaxaca,2023-Q4,820238661
Oaxaca,2024-Q1,730435089
Oaxaca,2024-Q2,921711487
Oaxaca,2024-Q3,914500539
Oaxaca,2024-Q4,866808293
Oaxaca,2025-Q1,807635373
Oaxaca,2025-Q2,870859942
Puebla,2013-Q1,317824551
Puebla,2013-Q2,379903011
Puebla,2013-Q3,350629896
Puebla,2013-Q4,335722449
Puebla,2014-Q1,322016025
Puebla,2014-Q2,359106412
Puebla,2014-Q3,353104606
Puebla,2014-Q4,350598915
Puebla,2015-Q1,329213527
Puebla,2015-Q2,327477907
Puebla,2015-Q3,367292602
Puebla,2015-Q4,349491855
Puebla,2016-Q1,349000426
Puebla,2016-Q2,387053052
Puebla,2016-Q3,379759715
Puebla,2016-Q4,385315175
Puebla,2017-Q1,393399718
Puebla,2017-Q2,421691782
Puebla,2017-Q3,418899527
Puebla,2017-Q4,427819060
Puebla,2018-Q1,391326969
Puebla,2018-Q2,472123985
Puebla,2018-Q3,445122260
Puebla,2018-Q4,448292953
Puebla,2019-Q1,407120249
Puebla,2019-Q2,475504592
Puebla,2019-Q3,489336986
Puebla,2019-Q4,458736004
Puebla,2020-Q1,454025806
Puebla,2020-Q2,417753574
Puebla,2020-Q3,556928784
Puebla,2020-Q4,504914698
Puebla,2021-Q1,452570251
Puebla,2021-Q2,545517810
Puebla,2021-Q3,571945192
Puebla,2021-Q4,614580172
Puebla,2022-Q1,580286731
Puebla,2022-Q2,705303672
Puebla,2022-Q3,739058030
Puebla,2022-Q4,749118522
Puebla,2023-Q1,700346544
Puebla,2023-Q2,820908118
Puebla,2023-Q3,839429338
Puebla,2023-Q4,784240902
Puebla,2024-Q1,726187904
Puebla,2024-Q2,891327262
Puebla,2024-Q3,887903843
Puebla,2024-Q4,861373531
Puebla,2025-Q1,788559121
Puebla,2025-Q2,857198622
Querétaro,2013-Q1,78799286
Querétaro,2013-Q2,104522803
Querétaro,2013-Q3,96013829
Querétaro,2013-Q4,146625279
Querétaro,2014-Q1,86125825
Querétaro,2014-Q2,105306357
Querétaro,2014-Q3,108780173
Querétaro,2014-Q4,109949499
Querétaro,2015-Q1,102211846
Querétaro,2015-Q2,119838153
Querétaro,2015-Q3,131037741
Querétaro,2015-Q4,116821151
Querétaro,2016-Q1,112473538
Querétaro,2016-Q2,141524282
Querétaro,2016-Q3,141699270
Querétaro,2016-Q4,139042898
Querétaro,2017-Q1,134686550
Querétaro,2017-Q2,155277278
Querétaro,2017-Q3,157848110
Querétaro,2017-Q4,159782907
Querétaro,2018-Q1,134968727
Querétaro,2018-Q2,185628738
Querétaro,2018-Q3,178093500
Querétaro,2018-Q4,176560767
Querétaro,2019-Q1,149803549
Querétaro,2019-Q2,189964876
Querétaro,2019-Q3,202424256
Querétaro,2019-Q4,183756626
Querétaro,2020-Q1,182661300
Querétaro,2020-Q2,200606269
Querétaro,2020-Q3,224187533
Querétaro,2020-Q4,216946714
Querétaro,2021-Q1,199071521
Querétaro,2021-Q2,262913054
Querétaro,2021-Q3,289465247
Querétaro,2021-Q4,277254483
Querétaro,2022-Q1,245001575
Querétaro,2022-Q2,312328027
Querétaro,2022-Q3,329251215
Querétaro,2022-Q4,316898500
Querétaro,2023-Q1,271763812
Querétaro,2023-Q2,324993742
Querétaro,2023-Q3,337330710
Querétaro,2023-Q4,315126134
Querétaro,2024-Q1,264190550
Querétaro,2024-Q2,340813908
Querétaro,2024-Q3,347188084
Querétaro,2024-Q4,324558141
Querétaro,2025-Q1,278336916
Querétaro,2025-Q2,309273325
Quintana Roo,2013-Q1,24342071
Quintana Roo,2013-Q2,28284860
Quintana Roo,2013-Q3,26882022
Quintana Roo,2013-Q4,25070365
Quintana Roo,2014-Q1,24730143
Quintana Roo,2014-Q2,27256374
Quintana Roo,2014-Q3,28502501
Quintana Roo,2014-Q4,28163141
Quintana Roo,2015-Q1,27985175
Quintana Roo,2015-Q2,33444093
Quintana Roo,2015-Q3,31918663
Quintana Roo,2015-Q4,30897769
Quintana Roo,2016-Q1,30061999
Quintana Roo,2016-Q2,33060444
Quintana Roo,2016-Q3,34621296
Quintana Roo,2016-Q4,35635004
Quintana Roo,2017-Q1,34246775
Quintana Roo,2017-Q2,36836673
Quintana Roo,2017-Q3,39007306
Quintana Roo,2017-Q4,40222670
Quintana Roo,2018-Q1,38070383
Quintana Roo,2018-Q2,43070540
Quintana Roo,2018-Q3,43996284
Quintana Roo,2018-Q4,46028358
Quintana Roo,2019-Q1,42766196
Quintana Roo,2019-Q2,50519747
Quintana Roo,2019-Q3,50706006
Quintana Roo,2019-Q4,47795710
Quintana Roo,2020-Q1,45789479
Quintana Roo,2020-Q2,44340414
Quintana Roo,2020-Q3,91211370
Quintana Roo,2020-Q4,65884180
Quintana Roo,2021-Q1,67279635
Quintana Roo,2021-Q2,82197877
Quintana Roo,2021-Q3,81742153
Quintana Roo,2021-Q4,84774896
Quintana Roo,2022-Q1,85333586
Quintana Roo,2022-Q2,95992472
Quintana Roo,2022-Q3,100610258
Quintana Roo,2022-Q4,109849776
Quintana Roo,2023-Q1,93164160
Quintana Roo,2023-Q2,96838161
Quintana Roo,2023-Q3,104012108
Quintana Roo,2023-Q4,103125861
Quintana Roo,2024-Q1,95134785
Quintana Roo,2024-Q2,108360874
Quintana Roo,2024-Q3,98496434
Quintana Roo,2024-Q4,93530016
Quintana Roo,2025-Q1,84747817
Quintana Roo,2025-Q2,84424953
San Luis Potosí,2013-Q1,161678094
San Luis Potosí,2013-Q2,201640014
San Luis Potosí,2013-Q3,191531426
San Luis Potosí,2013-Q4,178105512
San Luis Potosí,2014-Q1,169805663
San Luis Potosí,2014-Q2,206434270
San Luis Potosí,2014-Q3,209151713
San Luis Potosí,2014-Q4,209916029
San Luis Potosí,2015-Q1,184619176
San Luis Potosí,2015-Q2,220110166
San Luis Potosí,2015-Q3,242260535
San Luis Potosí,2015-Q4,222767168
San Luis Potosí,2016-Q1,211518493
San Luis Potosí,2016-Q2,252928720
San Luis Potosí,2016-Q3,262502970
San Luis Potosí,2016-Q4,259324083
San Luis Potosí,2017-Q1,249666833
San Luis Potosí,2017-Q2,295201015
San Luis Potosí,2017-Q3,302203406
San Luis Potosí,2017-Q4,309631361
San Luis Potosí,2018-Q1,261933241
San Luis Potosí,2018-Q2,347852792
San Luis Potosí,2018-Q3,333335675
San Luis Potosí,2018-Q4,330337227
San Luis Potosí,2019-Q1,287848389
San Luis Potosí,2019-Q2,360610902
San Luis Potosí,2019-Q3,379729155
San Luis Potosí,2019-Q4,352909002
San Luis Potosí,2020-Q1,335809510
San Luis Potosí,2020-Q2,379395738
San Luis Potosí,2020-Q3,373271991
San Luis Potosí,2020-Q4,382419552
San Luis Potosí,2021-Q1,349717284
San Luis Potosí,2021-Q2,457927280
San Luis Potosí,2021-Q3,463981539
San Luis Potosí,2021-Q4,486671802
San Luis Potosí,2022-Q1,413717597
San Luis Potosí,2022-Q2,514858658
San Luis Potosí,2022-Q3,540908574
San Luis Potosí,2022-Q4,532719199
San Luis Potosí,2023-Q1,446123991
San Luis Potosí,2023-Q2,540655984
San Luis Potosí,2023-Q3,560869009
San Luis Potosí,2023-Q4,523875189
San Luis Potosí,2024-Q1,434712036
San Luis Potosí,2024-Q2,546603175
San Luis Potosí,2024-Q3,560648817
San Luis Potosí,2024-Q4,541393326
San Luis Potosí,2025-Q1,449549620
San Luis Potosí,2025-Q2,518564139
Sinaloa,2013-Q1,123322961
Sinaloa,2013-Q2,141599779
Sinaloa,2013-Q3,131080228
Sinaloa,2013-Q4,125030110
Sinaloa,2014-Q1,130999203
Sinaloa,2014-Q2,138422782
Sinaloa,2014-Q3,126045015
Sinaloa,2014-Q4,136645453
Sinaloa,2015-Q1,132739849
Sinaloa,2015-Q2,138160096
Sinaloa,2015-Q3,137353681
Sinaloa,2015-Q4,132719867
Sinaloa,2016-Q1,139608647
Sinaloa,2016-Q2,150396091
Sinaloa,2016-Q3,170151269
Sinaloa,2016-Q4,177555753
Sinaloa,2017-Q1,174114524
Sinaloa,2017-Q2,188338709
Sinaloa,2017-Q3,181626979
Sinaloa,2017-Q4,195472270
Sinaloa,2018-Q1,179509245
Sinaloa,2018-Q2,217222989
Sinaloa,2018-Q3,203855669
Sinaloa,2018-Q4,228857392
Sinaloa,2019-Q1,206632044
Sinaloa,2019-Q2,241938785
Sinaloa,2019-Q3,247450180
Sinaloa,2019-Q4,250892637
Sinaloa,2020-Q1,245728275
Sinaloa,2020-Q2,284199974
Sinaloa,2020-Q3,269204450
Sinaloa,2020-Q4,272798630
Sinaloa,2021-Q1,275920097
Sinaloa,2021-Q2,312499147
Sinaloa,2021-Q3,298001486
Sinaloa,2021-Q4,300373133
Sinaloa,2022-Q1,280636597
Sinaloa,2022-Q2,321111542
Sinaloa,2022-Q3,303866587
Sinaloa,2022-Q4,311372757
Sinaloa,2023-Q1,268783885
Sinaloa,2023-Q2,299759926
Sinaloa,2023-Q3,276074603
Sinaloa,2023-Q4,268588935
Sinaloa,2024-Q1,227757302
Sinaloa,2024-Q2,255664252
Sinaloa,2024-Q3,224308017
Sinaloa,2024-Q4,208513618
Sinaloa,2025-Q1,175560767
Sinaloa,2025-Q2,184467601
Sonora,2013-Q1,83598476
Sonora,2013-Q2,97207772
Sonora,2013-Q3,87186924
Sonora,2013-Q4,85658683
Sonora,2014-Q1,82929079
Sonora,2014-Q2,92441677
Sonora,2014-Q3,85702359
Sonora,2014-Q4,87376862
Sonora,2015-Q1,87250241
Sonora,2015-Q2,126767916
Sonora,2015-Q3,97711527
Sonora,2015-Q4,97358729
Sonora,2016-Q1,101864363
Sonora,2016-Q2,115046342
Sonora,2016-Q3,104106044
Sonora,2016-Q4,101606907
Sonora,2017-Q1,102417367
Sonora,2017-Q2,114087346
Sonora,2017-Q3,118546904
Sonora,2017-Q4,124558466
Sonora,2018-Q1,114885433
Sonora,2018-Q2,145355969
Sonora,2018-Q3,139002645
Sonora,2018-Q4,146233824
Sonora,2019-Q1,135048224
Sonora,2019-Q2,160002090
Sonora,2019-Q3,160271017
Sonora,2019-Q4,152592982
Sonora,2020-Q1,159014843
Sonora,2020-Q2,188743458
Sonora,2020-Q3,195265875
Sonora,2020-Q4,185594945
Sonora,2021-Q1,190777421
Sonora,2021-Q2,233760640
Sonora,2021-Q3,227553849
Sonora,2021-Q4,230961173
Sonora,2022-Q1,207072216
Sonora,2022-Q2,239501513
Sonora,2022-Q3,231162686
Sonora,2022-Q4,232801497
Sonora,2023-Q1,211450092
Sonora,2023-Q2,235533774
Sonora,2023-Q3,237950630
Sonora,2023-Q4,230515127
Sonora,2024-Q1,196312566
Sonora,2024-Q2,223629964
Sonora,2024-Q3,217560468
Sonora,2024-Q4,207233215
Sonora,2025-Q1,178123637
Sonora,2025-Q2,174791767
Tabasco,2013-Q1,26684778
Tabasco,2013-Q2,35167182
Tabasco,2013-Q3,31110471
Tabasco,2013-Q4,28554007
Tabasco,2014-Q1,31517506
Tabasco,2014-Q2,39317663
Tabasco,2014-Q3,32476763
Tabasco,2014-Q4,32119022
Tabasco,2015-Q1,29231862
Tabasco,2015-Q2,86626016
Tabasco,2015-Q3,35123821
Tabasco,2015-Q4,34683259
Tabasco,2016-Q1,33172463
Tabasco,2016-Q2,41227442
Tabasco,2016-Q3,41029615
Tabasco,2016-Q4,43158576
Tabasco,2017-Q1,38493126
Tabasco,2017-Q2,40921697
Tabasco,2017-Q3,44700501
Tabasco,2017-Q4,45554406
Tabasco,2018-Q1,43529695
Tabasco,2018-Q2,55974830
Tabasco,2018-Q3,55960154
Tabasco,2018-Q4,59094680
Tabasco,2019-Q1,60972046
Tabasco,2019-Q2,81838152
Tabasco,2019-Q3,64607748
Tabasco,2019-Q4,51101298
Tabasco,2020-Q1,60773497
Tabasco,2020-Q2,57961158
Tabasco,2020-Q3,89602077
Tabasco,2020-Q4,80426396
Tabasco,2021-Q1,89543624
Tabasco,2021-Q2,112595472
Tabasco,2021-Q3,121484399
Tabasco,2021-Q4,116425518
Tabasco,2022-Q1,98728580
Tabasco,2022-Q2,109307079
Tabasco,2022-Q3,109387128
Tabasco,2022-Q4,114581793
Tabasco,2023-Q1,94721862
Tabasco,2023-Q2,104988902
Tabasco,2023-Q3,118271839
Tabasco,2023-Q4,102118924
Tabasco,2024-Q1,87113122
Tabasco,2024-Q2,102598190
Tabasco,2024-Q3,97222255
Tabasco,2024-Q4,94872564
Tabasco,2025-Q1,79072739
Tabasco,2025-Q2,83439349
Tamaulipas,2013-Q1,152013946
Tamaulipas,2013-Q2,200123769
Tamaulipas,2013-Q3,196723663
Tamaulipas,2013-Q4,183921947
Tamaulipas,2014-Q1,207902905
Tamaulipas,2014-Q2,270415113
Tamaulipas,2014-Q3,195484037
Tamaulipas,2014-Q4,185033169
Tamaulipas,2015-Q1,146725583
Tamaulipas,2015-Q2,190653232
Tamaulipas,2015-Q3,185044341
Tamaulipas,2015-Q4,171730700
Tamaulipas,2016-Q1,151350810
Tamaulipas,2016-Q2,177170995
Tamaulipas,2016-Q3,172302811
Tamaulipas,2016-Q4,169063048
Tamaulipas,2017-Q1,157928150
Tamaulipas,2017-Q2,183311135
Tamaulipas,2017-Q3,197628328
Tamaulipas,2017-Q4,201707910
Tamaulipas,2018-Q1,174428338
Tamaulipas,2018-Q2,219903457
Tamaulipas,2018-Q3,213120892
Tamaulipas,2018-Q4,207551354
Tamaulipas,2019-Q1,189313981
Tamaulipas,2019-Q2,238695793
Tamaulipas,2019-Q3,243600245
Tamaulipas,2019-Q4,222762409
Tamaulipas,2020-Q1,210948561
Tamaulipas,2020-Q2,245381197
Tamaulipas,2020-Q3,268304903
Tamaulipas,2020-Q4,247921044
Tamaulipas,2021-Q1,243056201
Tamaulipas,2021-Q2,305857711
Tamaulipas,2021-Q3,307516206
Tamaulipas,2021-Q4,295327863
Tamaulipas,2022-Q1,239250158
Tamaulipas,2022-Q2,299190000
Tamaulipas,2022-Q3,306433267
Tamaulipas,2022-Q4,295746893
Tamaulipas,2023-Q1,253287780
Tamaulipas,2023-Q2,289914383
Tamaulipas,2023-Q3,291363810
Tamaulipas,2023-Q4,266297024
Tamaulipas,2024-Q1,216904557
Tamaulipas,2024-Q2,265911806
Tamaulipas,2024-Q3,267936001
Tamaulipas,2024-Q4,266012681
Tamaulipas,2025-Q1,217548091
Tamaulipas,2025-Q2,245758509
Tlaxcala,2013-Q1,48157897
Tlaxcala,2013-Q2,60605212
Tlaxcala,2013-Q3,61752039
Tlaxcala,2013-Q4,54588386
Tlaxcala,2014-Q1,47905877
Tlaxcala,2014-Q2,58121716
Tlaxcala,2014-Q3,63218609
Tlaxcala,2014-Q4,57087099
Tlaxcala,2015-Q1,49883652
Tlaxcala,2015-Q2,133928340
Tlaxcala,2015-Q3,65651949
Tlaxcala,2015-Q4,56196972
Tlaxcala,2016-Q1,50543221
Tlaxcala,2016-Q2,61558427
Tlaxcala,2016-Q3,67424386
Tlaxcala,2016-Q4,60327104
Tlaxcala,2017-Q1,55664553
Tlaxcala,2017-Q2,64923735
Tlaxcala,2017-Q3,70656075
Tlaxcala,2017-Q4,65861364
Tlaxcala,2018-Q1,53184196
Tlaxcala,2018-Q2,70252008
Tlaxcala,2018-Q3,72450321
Tlaxcala,2018-Q4,67799274
Tlaxcala,2019-Q1,55250322
Tlaxcala,2019-Q2,70051335
Tlaxcala,2019-Q3,75044257
Tlaxcala,2019-Q4,63388540
Tlaxcala,2020-Q1,55284191
Tlaxcala,2020-Q2,56768679
Tlaxcala,2020-Q3,73206949
Tlaxcala,2020-Q4,67139967
Tlaxcala,2021-Q1,61215556
Tlaxcala,2021-Q2,81791480
Tlaxcala,2021-Q3,91960803
Tlaxcala,2021-Q4,89375730
Tlaxcala,2022-Q1,73837499
Tlaxcala,2022-Q2,97540429
Tlaxcala,2022-Q3,113359061
Tlaxcala,2022-Q4,103125820
Tlaxcala,2023-Q1,85407716
Tlaxcala,2023-Q2,105418997
Tlaxcala,2023-Q3,118461274
Tlaxcala,2023-Q4,104909229
Tlaxcala,2024-Q1,85172937
Tlaxcala,2024-Q2,109270579
Tlaxcala,2024-Q3,113950968
Tlaxcala,2024-Q4,103089689
Tlaxcala,2025-Q1,86551540
Tlaxcala,2025-Q2,101254057
Veracruz de Ignacio de la Llave,2013-Q1,247261877
Veracruz de Ignacio de la Llave,2013-Q2,300848564
Veracruz de Ignacio de la Llave,2013-Q3,270809179
Veracruz de Ignacio de la Llave,2013-Q4,246854430
Veracruz de Ignacio de la Llave,2014-Q1,244825370
Veracruz de Ignacio de la Llave,2014-Q2,289173920
Veracruz de Ignacio de la Llave,2014-Q3,278823285
Veracruz de Ignacio de la Llave,2014-Q4,270617069
Veracruz de Ignacio de la Llave,2015-Q1,256358176
Veracruz de Ignacio de la Llave,2015-Q2,271876394
Veracruz de Ignacio de la Llave,2015-Q3,293745511
Veracruz de Ignacio de la Llave,2015-Q4,269391866
Veracruz de Ignacio de la Llave,2016-Q1,266682057
Veracruz de Ignacio de la Llave,2016-Q2,302255563
Veracruz de Ignacio de la Llave,2016-Q3,292005912
Veracruz de Ignacio de la Llave,2016-Q4,294846160
Veracruz de Ignacio de la Llave,2017-Q1,312643140
Veracruz de Ignacio de la Llave,2017-Q2,337513022
Veracruz de Ignacio de la Llave,2017-Q3,336256590
Veracruz de Ignacio de la Llave,2017-Q4,337851597
Veracruz de Ignacio de la Llave,2018-Q1,297563931
Veracruz de Ignacio de la Llave,2018-Q2,385927412
Veracruz de Ignacio de la Llave,2018-Q3,371758788
Veracruz de Ignacio de la Llave,2018-Q4,370254024
Veracruz de Ignacio de la Llave,2019-Q1,331140220
Veracruz de Ignacio de la Llave,2019-Q2,407072720
Veracruz de Ignacio de la Llave,2019-Q3,430018435
Veracruz de Ignacio de la Llave,2019-Q4,384864890
Veracruz de Ignacio de la Llave,2020-Q1,379424112
Veracruz de Ignacio de la Llave,2020-Q2,390289773
Veracruz de Ignacio de la Llave,2020-Q3,464001947
Veracruz de Ignacio de la Llave,2020-Q4,433724642
Veracruz de Ignacio de la Llave,2021-Q1,414639026
Veracruz de Ignacio de la Llave,2021-Q2,525557021
Veracruz de Ignacio de la Llave,2021-Q3,564951734
Veracruz de Ignacio de la Llave,2021-Q4,574280918
Veracruz de Ignacio de la Llave,2022-Q1,489192276
Veracruz de Ignacio de la Llave,2022-Q2,601533489
Veracruz de Ignacio de la Llave,2022-Q3,640889486
Veracruz de Ignacio de la Llave,2022-Q4,635827905
Veracruz de Ignacio de la Llave,2023-Q1,561975095
Veracruz de Ignacio de la Llave,2023-Q2,677411635
Veracruz de Ignacio de la Llave,2023-Q3,698752549
Veracruz de Ignacio de la Llave,2023-Q4,635669754
Veracruz de Ignacio de la Llave,2024-Q1,545067922
Veracruz de Ignacio de la Llave,2024-Q2,695882650
Veracruz de Ignacio de la Llave,2024-Q3,695706891
Veracruz de Ignacio de la Llave,2024-Q4,666027531
Veracruz de Ignacio de la Llave,2025-Q1,594452510
Veracruz de Ignacio de la Llave,2025-Q2,658599741
Yucatán,2013-Q1,31041702
Yucatán,2013-Q2,35071658
Yucatán,2013-Q3,32928127
Yucatán,2013-Q4,31021075
Yucatán,2014-Q1,31628666
Yucatán,2014-Q2,34085123
Yucatán,2014-Q3,34384917
Yucatán,2014-Q4,33483153
Yucatán,2015-Q1,33356652
Yucatán,2015-Q2,40499288
Yucatán,2015-Q3,35867897
Yucatán,2015-Q4,33809898
Yucatán,2016-Q1,33548852
Yucatán,2016-Q2,37411072
Yucatán,2016-Q3,38040414
Yucatán,2016-Q4,37444470
Yucatán,2017-Q1,42215361
Yucatán,2017-Q2,46334199
Yucatán,2017-Q3,47921602
Yucatán,2017-Q4,48147200
Yucatán,2018-Q1,45136654
Yucatán,2018-Q2,53920554
Yucatán,2018-Q3,53275639
Yucatán,2018-Q4,54626429
Yucatán,2019-Q1,49551909
Yucatán,2019-Q2,58144454
Yucatán,2019-Q3,60952605
Yucatán,2019-Q4,58873210
Yucatán,2020-Q1,60089372
Yucatán,2020-Q2,46784875
Yucatán,2020-Q3,76962030
Yucatán,2020-Q4,67903296
Yucatán,2021-Q1,67885268
Yucatán,2021-Q2,86144320
Yucatán,2021-Q3,91509202
Yucatán,2021-Q4,96352414
Yucatán,2022-Q1,85414799
Yucatán,2022-Q2,98772550
Yucatán,2022-Q3,104914645
Yucatán,2022-Q4,107540449
Yucatán,2023-Q1,98643757
Yucatán,2023-Q2,109597933
Yucatán,2023-Q3,117227597
Yucatán,2023-Q4,108791976
Yucatán,2024-Q1,104364202
Yucatán,2024-Q2,118084470
Yucatán,2024-Q3,118259946
Yucatán,2024-Q4,113263024
Yucatán,2025-Q1,107702572
Yucatán,2025-Q2,113921143
Zacatecas,2013-Q1,146941335
Zacatecas,2013-Q2,181733666
Zacatecas,2013-Q3,169192323
Zacatecas,2013-Q4,159415396
Zacatecas,2014-Q1,162198591
Zacatecas,2014-Q2,186313878
Zacatecas,2014-Q3,185483384
Zacatecas,2014-Q4,190193681
Zacatecas,2015-Q1,180227617
Zacatecas,2015-Q2,190523992
Zacatecas,2015-Q3,210318980
Zacatecas,2015-Q4,195417216
Zacatecas,2016-Q1,198881513
Zacatecas,2016-Q2,234512393
Zacatecas,2016-Q3,235660702
Zacatecas,2016-Q4,233993377
Zacatecas,2017-Q1,229825567
Zacatecas,2017-Q2,268234871
Zacatecas,2017-Q3,268589428
Zacatecas,2017-Q4,268810213
Zacatecas,2018-Q1,234663961
Zacatecas,2018-Q2,313498429
Zacatecas,2018-Q3,287981494
Zacatecas,2018-Q4,292901549
Zacatecas,2019-Q1,249819957
Zacatecas,2019-Q2,303288715
Zacatecas,2019-Q3,316113048
Zacatecas,2019-Q4,290710474
Zacatecas,2020-Q1,300138186
Zacatecas,2020-Q2,315106684
Zacatecas,2020-Q3,309892710
Zacatecas,2020-Q4,316995601
Zacatecas,2021-Q1,333662177
Zacatecas,2021-Q2,424103951
Zacatecas,2021-Q3,425202601
Zacatecas,2021-Q4,428999573
Zacatecas,2022-Q1,362265829
Zacatecas,2022-Q2,451915511
Zacatecas,2022-Q3,472633575
Zacatecas,2022-Q4,457308254
Zacatecas,2023-Q1,394008700
Zacatecas,2023-Q2,474030377
Zacatecas,2023-Q3,488014391
Zacatecas,2023-Q4,460194688
Zacatecas,2024-Q1,398459555
Zacatecas,2024-Q2,501642708
Zacatecas,2024-Q3,516085521
Zacatecas,2024-Q4,490549548
Zacatecas,2025-Q1,420216835
Zacatecas,2025-Q2,482215933
